Date,USD_MXN,Tasa_Fed_10Y,VIX
2021-01-05,19.94244956970215,0.9549999833106995,25.34000015258789
2021-01-06,19.90220069885254,1.0420000553131104,25.06999969482422
2021-01-07,19.65576934814453,1.0709999799728394,22.3700008392334
2021-01-08,20.000099182128906,1.1050000190734863,21.559999465942383
2021-01-11,20.05048942565918,1.1319999694824219,24.079999923706055
2021-01-12,20.062400817871094,1.1380000114440918,23.329999923706055
2021-01-13,19.794429779052734,1.0880000591278076,22.209999084472656
2021-01-14,19.836349487304688,1.128999948501587,23.25
2021-01-15,19.723350524902344,1.097000002861023,24.34000015258789
2021-01-19,19.695650100708008,1.0920000076293945,23.239999771118164
2021-01-20,19.63599967956543,1.090000033378601,21.579999923706055
2021-01-21,19.585010528564453,1.1089999675750732,21.31999969482422
2021-01-22,19.737060546875,1.090999960899353,21.90999984741211
2021-01-25,19.942880630493164,1.0399999618530273,23.190000534057617
2021-01-26,20.10516929626465,1.0399999618530273,23.020000457763672
2021-01-27,19.988300323486328,1.0140000581741333,37.209999084472656
2021-01-28,20.33152961730957,1.0570000410079956,30.209999084472656
2021-01-29,20.25225067138672,1.093000054359436,33.09000015258789
2021-02-01,20.50528907775879,1.0770000219345093,30.239999771118164
2021-02-02,20.368160247802734,1.1050000190734863,25.559999465942383
2021-02-03,20.137680053710938,1.13100004196167,22.90999984741211
2021-02-04,20.197080612182617,1.1390000581741333,21.770000457763672
2021-02-05,20.387189865112305,1.1699999570846558,20.8700008392334
2021-02-08,20.11138916015625,1.159999966621399,21.239999771118164
2021-02-09,20.103069305419922,1.156999945640564,21.6299991607666
2021-02-10,20.083850860595703,1.1330000162124634,21.989999771118164
2021-02-11,20.02928924560547,1.1579999923706055,21.25
2021-02-12,19.966279983520508,1.2000000476837158,19.969999313354492
2021-02-16,19.94930076599121,1.2990000247955322,21.459999084472656
2021-02-17,20.225540161132812,1.3009999990463257,21.5
2021-02-18,20.212539672851562,1.2869999408721924,22.489999771118164
2021-02-19,20.308229446411133,1.3450000286102295,22.049999237060547
2021-02-22,20.487449645996094,1.3700000047683716,23.450000762939453
2021-02-23,20.742029190063477,1.3619999885559082,23.110000610351562
2021-02-24,20.513269424438477,1.3890000581741333,21.34000015258789
2021-02-25,20.377559661865234,1.5180000066757202,28.889999389648438
2021-02-26,20.910900115966797,1.4600000381469727,27.950000762939453
2021-03-01,20.789569854736328,1.4459999799728394,23.350000381469727
2021-03-02,20.654029846191406,1.4149999618530273,24.100000381469727
2021-03-03,20.603410720825195,1.4700000286102295,26.670000076293945
2021-03-04,20.956090927124023,1.5499999523162842,28.56999969482422
2021-03-05,21.13340950012207,1.5540000200271606,24.65999984741211
2021-03-08,21.255300521850586,1.5959999561309814,25.469999313354492
2021-03-09,21.492490768432617,1.5460000038146973,24.030000686645508
2021-03-10,21.188819885253906,1.5199999809265137,22.559999465942383
2021-03-11,20.90212059020996,1.5269999504089355,21.90999984741211
2021-03-12,20.614999771118164,1.6349999904632568,20.690000534057617
2021-03-15,20.711580276489258,1.6069999933242798,20.030000686645508
2021-03-16,20.666690826416016,1.621000051498413,19.790000915527344
2021-03-17,20.599300384521484,1.6410000324249268,19.229999542236328
2021-03-18,20.362770080566406,1.7300000190734863,21.579999923706055
2021-03-19,20.48390007019043,1.7319999933242798,20.950000762939453
2021-03-22,20.66080093383789,1.684000015258789,18.8799991607666
2021-03-23,20.575389862060547,1.6380000114440918,20.299999237060547
2021-03-24,20.807910919189453,1.6139999628067017,21.200000762939453
2021-03-25,20.882999420166016,1.6139999628067017,19.809999465942383
2021-03-26,20.683029174804688,1.659999966621399,18.860000610351562
2021-03-29,20.632530212402344,1.7209999561309814,20.739999771118164
2021-03-30,20.607379913330078,1.7259999513626099,19.610000610351562
2021-03-31,20.576000213623047,1.746000051498413,19.399999618530273
2021-04-01,20.429100036621094,1.6790000200271606,17.329999923706055
2021-04-05,20.305219650268555,1.7200000286102295,17.90999984741211
2021-04-06,20.30573081970215,1.656000018119812,18.1200008392334
2021-04-07,20.17445945739746,1.652999997138977,17.15999984741211
2021-04-08,20.211299896240234,1.6319999694824219,16.950000762939453
2021-04-09,20.098939895629883,1.6660000085830688,16.690000534057617
2021-04-12,20.160409927368164,1.6749999523162842,16.90999984741211
2021-04-13,20.14443016052246,1.6230000257492065,16.649999618530273
2021-04-14,20.0674991607666,1.6380000114440918,16.989999771118164
2021-04-15,20.0860595703125,1.5299999713897705,16.56999969482422
2021-04-16,19.93589973449707,1.5729999542236328,16.25
2021-04-19,19.91830062866211,1.6009999513626099,17.290000915527344
2021-04-20,19.81344985961914,1.562000036239624,18.68000030517578
2021-04-21,19.94700050354004,1.5640000104904175,17.5
2021-04-22,19.886600494384766,1.5540000200271606,18.709999084472656
2021-04-23,19.933000564575195,1.5670000314712524,17.329999923706055
2021-04-26,19.8525390625,1.5700000524520874,17.639999389648438
2021-04-27,19.858600616455078,1.621999979019165,17.559999465942383
2021-04-28,20.03260040283203,1.6200000047683716,17.280000686645508
2021-04-29,19.89167022705078,1.6399999856948853,17.610000610351562
2021-04-30,20.02429962158203,1.63100004196167,18.610000610351562
2021-05-03,20.19580078125,1.6069999933242798,18.309999465942383
2021-05-04,20.18779945373535,1.5920000076293945,19.479999542236328
2021-05-05,20.193899154663086,1.5839999914169312,19.149999618530273
2021-05-06,20.251169204711914,1.5609999895095825,18.389999389648438
2021-05-07,20.085100173950195,1.5770000219345093,16.690000534057617
2021-05-10,19.89240074157715,1.6019999980926514,19.65999984741211
2021-05-11,19.91295051574707,1.6239999532699585,21.84000015258789
2021-05-12,19.96368980407715,1.6950000524520874,27.59000015258789
2021-05-13,20.142000198364258,1.6679999828338623,23.1299991607666
2021-05-14,19.95039939880371,1.6349999904632568,18.809999465942383
2021-05-17,19.870399475097656,1.6399999856948853,19.719999313354492
2021-05-18,19.76129913330078,1.6419999599456787,21.34000015258789
2021-05-19,19.84787940979004,1.6829999685287476,22.18000030517578
2021-05-20,19.933000564575195,1.6339999437332153,20.670000076293945
2021-05-21,19.8887996673584,1.6319999694824219,20.149999618530273
2021-05-24,19.937349319458008,1.6080000400543213,18.399999618530273
2021-05-25,19.874000549316406,1.5640000104904175,18.84000015258789
2021-05-26,19.905799865722656,1.5740000009536743,17.360000610351562
2021-05-27,19.870800018310547,1.6100000143051147,16.739999771118164
2021-05-28,19.95185089111328,1.5809999704360962,16.760000228881836
2021-06-01,19.917499542236328,1.6150000095367432,17.899999618530273
2021-06-02,19.961200714111328,1.590999960899353,17.479999542236328
2021-06-03,19.894800186157227,1.625,18.040000915527344
2021-06-04,20.140399932861328,1.559999942779541,16.420000076293945
2021-06-07,19.943899154663086,1.569000005722046,16.420000076293945
2021-06-08,19.822399139404297,1.527999997138977,17.06999969482422
2021-06-09,19.70207977294922,1.4889999628067017,17.889999389648438
2021-06-10,19.73027992248535,1.4589999914169312,16.100000381469727
2021-06-11,19.70319938659668,1.4620000123977661,15.649999618530273
2021-06-14,19.870899200439453,1.5010000467300415,16.389999389648438
2021-06-15,19.943099975585938,1.4989999532699585,17.020000457763672
2021-06-16,20.021299362182617,1.569000005722046,18.149999618530273
2021-06-17,20.39788055419922,1.5110000371932983,17.75
2021-06-18,20.41069984436035,1.4500000476837158,20.700000762939453
2021-06-21,20.621999740600586,1.4839999675750732,17.889999389648438
2021-06-22,20.505849838256836,1.472000002861023,16.65999984741211
2021-06-23,20.33930015563965,1.4869999885559082,16.31999969482422
2021-06-24,20.19586944580078,1.4869999885559082,15.970000267028809
2021-06-25,19.846900939941406,1.5360000133514404,15.619999885559082
2021-06-28,19.80820083618164,1.4780000448226929,15.760000228881836
2021-06-29,19.817169189453125,1.4800000190734863,16.020000457763672
2021-06-30,19.8031005859375,1.4429999589920044,15.829999923706055
2021-07-01,19.934429168701172,1.4800000190734863,15.479999542236328
2021-07-02,20.010099411010742,1.430999994277954,15.069999694824219
2021-07-06,19.824899673461914,1.3700000047683716,16.440000534057617
2021-07-07,20.011659622192383,1.3209999799728394,16.200000762939453
2021-07-08,19.95039939880371,1.2879999876022339,19.0
2021-07-09,19.98110008239746,1.3559999465942383,16.18000030517578
2021-07-12,19.860700607299805,1.3630000352859497,16.170000076293945
2021-07-13,19.82740020751953,1.4149999618530273,17.1200008392334
2021-07-14,20.042200088500977,1.3559999465942383,16.329999923706055
2021-07-15,19.900949478149414,1.2970000505447388,17.010000228881836
2021-07-16,19.92938995361328,1.2999999523162842,18.450000762939453
2021-07-19,19.904199600219727,1.180999994277954,22.5
2021-07-20,20.03809928894043,1.2089999914169312,19.729999542236328
2021-07-21,20.136049270629883,1.2799999713897705,17.90999984741211
2021-07-22,20.147140502929688,1.2649999856948853,17.690000534057617
2021-07-23,20.102750778198242,1.2860000133514404,17.200000762939453
2021-07-26,20.058300018310547,1.2760000228881836,17.579999923706055
2021-07-27,20.02429962158203,1.2339999675750732,19.360000610351562
2021-07-28,19.954099655151367,1.2610000371932983,18.309999465942383
2021-07-29,19.913799285888672,1.2690000534057617,17.700000762939453
2021-07-30,19.85140037536621,1.2389999628067017,18.239999771118164
2021-08-02,19.865699768066406,1.1740000247955322,19.459999084472656
2021-08-03,19.90169906616211,1.1759999990463257,18.040000915527344
2021-08-04,19.862600326538086,1.184000015258789,17.969999313354492
2021-08-05,19.960399627685547,1.2170000076293945,17.280000686645508
2021-08-06,19.928260803222656,1.2899999618530273,16.149999618530273
2021-08-09,20.069799423217773,1.3170000314712524,16.719999313354492
2021-08-10,20.069869995117188,1.3420000076293945,16.790000915527344
2021-08-11,20.070499420166016,1.3289999961853027,16.170000076293945
2021-08-12,19.929500579833984,1.3669999837875366,15.59000015258789
2021-08-13,19.951379776000977,1.2970000505447388,15.449999809265137
2021-08-16,19.85770034790039,1.2569999694824219,16.1200008392334
2021-08-17,19.88010025024414,1.2580000162124634,17.90999984741211
2021-08-18,19.997549057006836,1.2730000019073486,21.56999969482422
2021-08-19,20.039039611816406,1.2419999837875366,21.670000076293945
2021-08-20,20.167200088500977,1.2599999904632568,18.559999465942383
2021-08-23,20.381500244140625,1.2549999952316284,17.149999618530273
2021-08-24,20.317949295043945,1.2899999618530273,17.219999313354492
2021-08-25,20.206100463867188,1.3420000076293945,16.790000915527344
2021-08-26,20.216100692749023,1.3420000076293945,18.84000015258789
2021-08-27,20.366500854492188,1.312000036239624,16.389999389648438
2021-08-30,20.1643009185791,1.284999966621399,16.190000534057617
2021-08-31,20.139249801635742,1.3040000200271606,16.479999542236328
2021-09-01,20.059600830078125,1.3020000457763672,16.110000610351562
2021-09-02,19.99774932861328,1.2940000295639038,16.40999984741211
2021-09-03,19.962350845336914,1.3220000267028809,16.40999984741211
2021-09-07,19.888099670410156,1.3700000047683716,18.139999389648438
2021-09-08,19.927799224853516,1.3339999914169312,17.959999084472656
2021-09-09,19.927499771118164,1.2990000247955322,18.799999237060547
2021-09-10,19.921600341796875,1.340999960899353,20.950000762939453
2021-09-13,19.86549949645996,1.3240000009536743,19.3700008392334
2021-09-14,19.86199951171875,1.2769999504089355,19.459999084472656
2021-09-15,19.897300720214844,1.3040000200271606,18.18000030517578
2021-09-16,19.844499588012695,1.3309999704360962,18.690000534057617
2021-09-17,19.940549850463867,1.3700000047683716,20.809999465942383
2021-09-20,20.01849937438965,1.309000015258789,25.709999084472656
2021-09-21,20.118940353393555,1.3240000009536743,24.360000610351562
2021-09-22,20.128700256347656,1.3359999656677246,20.8700008392334
2021-09-23,20.086759567260742,1.409999966621399,18.6299991607666
2021-09-24,20.052900314331055,1.4600000381469727,17.75
2021-09-27,20.053499221801758,1.4839999675750732,18.760000228881836
2021-09-28,20.089500427246094,1.534000039100647,23.25
2021-09-29,20.329769134521484,1.5410000085830688,22.559999465942383
2021-09-30,20.501100540161133,1.5290000438690186,23.139999389648438
2021-10-01,20.615400314331055,1.4789999723434448,21.100000381469727
2021-10-04,20.41819953918457,1.4809999465942383,22.959999084472656
2021-10-05,20.50160026550293,1.5290000438690186,21.299999237060547
2021-10-06,20.570199966430664,1.5240000486373901,21.0
2021-10-07,20.5575008392334,1.5709999799728394,19.540000915527344
2021-10-08,20.654130935668945,1.6050000190734863,18.770000457763672
2021-10-11,20.7231502532959,1.6139999628067017,20.0
2021-10-12,20.847000122070312,1.5800000429153442,19.850000381469727
2021-10-13,20.780000686645508,1.5490000247955322,18.639999389648438
2021-10-14,20.553699493408203,1.5190000534057617,16.860000610351562
2021-10-15,20.541799545288086,1.5759999752044678,16.299999237060547
2021-10-18,20.347000122070312,1.5839999914169312,16.309999465942383
2021-10-19,20.397499084472656,1.6349999904632568,15.699999809265137
2021-10-20,20.22209930419922,1.6360000371932983,15.489999771118164
2021-10-21,20.221500396728516,1.6759999990463257,15.010000228881836
2021-10-22,20.29319953918457,1.6549999713897705,15.430000305175781
2021-10-25,20.188899993896484,1.6349999904632568,15.239999771118164
2021-10-26,20.170499801635742,1.61899995803833,15.979999542236328
2021-10-27,20.196910858154297,1.5290000438690186,16.979999542236328
2021-10-28,20.304800033569336,1.5679999589920044,16.530000686645508
2021-10-29,20.378400802612305,1.5570000410079956,16.260000228881836
2021-11-01,20.55270004272461,1.5750000476837158,16.40999984741211
2021-11-02,20.839599609375,1.5490000247955322,16.030000686645508
2021-11-03,20.78030014038086,1.5789999961853027,15.100000381469727
2021-11-04,20.531700134277344,1.5240000486373901,15.4399995803833
2021-11-05,20.545900344848633,1.4529999494552612,16.479999542236328
2021-11-08,20.372800827026367,1.496999979019165,17.219999313354492
2021-11-09,20.332950592041016,1.4320000410079956,17.780000686645508
2021-11-10,20.319150924682617,1.559999942779541,18.729999542236328
2021-11-11,20.606399536132812,1.559999942779541,17.65999984741211
2021-11-12,20.636430740356445,1.5820000171661377,16.290000915527344
2021-11-15,20.52419090270996,1.6230000257492065,16.489999771118164
2021-11-16,20.59480094909668,1.6339999437332153,16.3700008392334
2021-11-17,20.753799438476562,1.6039999723434448,17.110000610351562
2021-11-18,20.64539909362793,1.5889999866485596,17.59000015258789
2021-11-19,20.75950050354004,1.5360000133514404,17.90999984741211
2021-11-22,20.86083984375,1.625,19.170000076293945
2021-11-23,20.99370002746582,1.6670000553131104,19.3799991607666
2021-11-24,21.265499114990234,1.6449999809265137,18.579999923706055
2021-11-26,21.624500274658203,1.4819999933242798,28.6200008392334
2021-11-29,21.72960090637207,1.5299999713897705,22.959999084472656
2021-11-30,21.68079948425293,1.4429999589920044,27.190000534057617
2021-12-01,21.411800384521484,1.434000015258789,31.1200008392334
2021-12-02,21.471569061279297,1.4479999542236328,27.950000762939453
2021-12-03,21.30854034423828,1.343000054359436,30.670000076293945
2021-12-06,21.22100067138672,1.434000015258789,27.18000030517578
2021-12-07,21.22369956970215,1.4800000190734863,21.889999389648438
2021-12-08,21.028200149536133,1.5089999437332153,19.899999618530273
2021-12-09,20.925800323486328,1.4869999885559082,21.579999923706055
2021-12-10,20.950700759887695,1.4889999628067017,18.690000534057617
2021-12-13,20.876300811767578,1.4240000247955322,20.309999465942383
2021-12-14,20.993600845336914,1.437999963760376,21.889999389648438
2021-12-15,21.218900680541992,1.4630000591278076,19.290000915527344
2021-12-16,21.033199310302734,1.4220000505447388,20.56999969482422
2021-12-17,20.819400787353516,1.4019999504089355,21.56999969482422
2021-12-20,20.829299926757812,1.4190000295639038,22.8700008392334
2021-12-21,20.755399703979492,1.4869999885559082,21.010000228881836
2021-12-22,20.822500228881836,1.4570000171661377,18.6299991607666
2021-12-23,20.710399627685547,1.4930000305175781,17.959999084472656
2021-12-27,20.607200622558594,1.4809999465942383,17.68000030517578
2021-12-28,20.6835994720459,1.4809999465942383,17.540000915527344
2021-12-29,20.662200927734375,1.5429999828338623,16.950000762939453
2021-12-30,20.558000564575195,1.5149999856948853,17.329999923706055
2021-12-31,20.4591007232666,1.5119999647140503,17.219999313354492
2022-01-03,20.481599807739258,1.628000020980835,16.600000381469727
2022-01-04,20.486000061035156,1.6679999828338623,16.90999984741211
2022-01-05,20.52199935913086,1.7050000429153442,19.729999542236328
2022-01-06,20.56369972229004,1.7330000400543213,19.610000610351562
2022-01-07,20.493099212646484,1.7710000276565552,18.760000228881836
2022-01-10,20.390470504760742,1.7799999713897705,19.399999618530273
2022-01-11,20.358200073242188,1.746000051498413,18.40999984741211
2022-01-12,20.39051055908203,1.725000023841858,17.6200008392334
2022-01-13,20.362850189208984,1.7109999656677246,20.309999465942383
2022-01-14,20.333669662475586,1.7719999551773071,19.190000534057617
2022-01-18,20.289499282836914,1.8650000095367432,22.790000915527344
2022-01-19,20.398799896240234,1.8270000219345093,23.850000381469727
2022-01-20,20.500499725341797,1.8329999446868896,25.59000015258789
2022-01-21,20.530719757080078,1.746999979019165,28.850000381469727
2022-01-24,20.448150634765625,1.7350000143051147,29.899999618530273
2022-01-25,20.573829650878906,1.7829999923706055,31.15999984741211
2022-01-26,20.60700035095215,1.8480000495910645,31.959999084472656
2022-01-27,20.71540069580078,1.8070000410079956,30.489999771118164
2022-01-28,20.76740074157715,1.781999945640564,27.65999984741211
2022-01-31,20.82900047302246,1.781999945640564,24.829999923706055
2022-02-01,20.625900268554688,1.7999999523162842,21.959999084472656
2022-02-02,20.545700073242188,1.7660000324249268,22.09000015258789
2022-02-03,20.601200103759766,1.8270000219345093,24.350000381469727
2022-02-04,20.564599990844727,1.9299999475479126,23.219999313354492
2022-02-07,20.653600692749023,1.9160000085830688,22.860000610351562
2022-02-08,20.580799102783203,1.9539999961853027,21.440000534057617
2022-02-09,20.597620010375977,1.9290000200271606,19.959999084472656
2022-02-10,20.48784065246582,2.0309998989105225,23.90999984741211
2022-02-11,20.557199478149414,1.9550000429153442,27.360000610351562
2022-02-14,20.510440826416016,1.996000051498413,28.329999923706055
2022-02-15,20.40899085998535,2.0450000762939453,25.700000762939453
2022-02-16,20.383800506591797,2.046999931335449,24.290000915527344
2022-02-17,20.286399841308594,1.972000002861023,28.110000610351562
2022-02-18,20.29159927368164,1.9320000410079956,27.75
2022-02-22,20.322980880737305,1.9479999542236328,28.809999465942383
2022-02-23,20.29439926147461,1.9769999980926514,31.020000457763672
2022-02-24,20.231700897216797,1.968999981880188,30.31999969482422
2022-02-25,20.563369750976562,1.9859999418258667,27.59000015258789
2022-02-28,20.573139190673828,1.8389999866485596,30.149999618530273
2022-03-01,20.4606990814209,1.7070000171661377,33.31999969482422
2022-03-02,20.64310073852539,1.8650000095367432,30.739999771118164
2022-03-03,20.642549514770508,1.843999981880188,30.479999542236328
2022-03-04,20.63939094543457,1.7239999771118164,31.979999542236328
2022-03-07,20.96925926208496,1.7510000467300415,36.45000076293945
2022-03-08,21.305349349975586,1.871999979019165,35.130001068115234
2022-03-09,21.362390518188477,1.9479999542236328,32.45000076293945
2022-03-10,20.905189514160156,2.010999917984009,30.229999542236328
2022-03-11,20.91200065612793,2.003999948501587,30.75
2022-03-14,20.887510299682617,2.140000104904175,31.770000457763672
2022-03-15,20.90036964416504,2.1600000858306885,29.829999923706055
2022-03-16,20.812599182128906,2.187999963760376,26.670000076293945
2022-03-17,20.630699157714844,2.191999912261963,25.670000076293945
2022-03-18,20.514089584350586,2.1480000019073486,23.8700008392334
2022-03-21,20.381149291992188,2.315000057220459,23.530000686645508
2022-03-22,20.381900787353516,2.372999906539917,22.940000534057617
2022-03-23,20.272199630737305,2.321000099182129,23.56999969482422
2022-03-24,20.226640701293945,2.3410000801086426,21.670000076293945
2022-03-25,20.066299438476562,2.492000102996826,20.809999465942383
2022-03-28,20.030149459838867,2.4769999980926514,19.6299991607666
2022-03-29,20.091249465942383,2.4000000953674316,18.899999618530273
2022-03-30,19.965599060058594,2.3580000400543213,19.329999923706055
2022-03-31,19.878150939941406,2.3269999027252197,20.559999465942383
2022-04-01,19.875200271606445,2.377000093460083,19.6299991607666
2022-04-04,19.8572998046875,2.4119999408721924,18.56999969482422
2022-04-05,19.8093204498291,2.555999994277954,21.030000686645508
2022-04-06,19.98259925842285,2.6089999675750732,22.100000381469727
2022-04-07,20.161460876464844,2.6519999504089355,21.549999237060547
2022-04-08,20.130319595336914,2.7130000591278076,21.15999984741211
2022-04-11,20.064849853515625,2.7799999713897705,24.3700008392334
2022-04-12,19.941940307617188,2.7249999046325684,24.260000228881836
2022-04-13,19.80328941345215,2.687000036239624,21.81999969482422
2022-04-14,19.76129913330078,2.828000068664551,22.700000762939453
2022-04-18,19.95359992980957,2.861999988555908,22.170000076293945
2022-04-19,19.79520034790039,2.9130001068115234,21.3700008392334
2022-04-20,20.018110275268555,2.8399999141693115,20.31999969482422
2022-04-21,19.97369956970215,2.9170000553131104,22.68000030517578
2022-04-22,20.184650421142578,2.9059998989105225,28.209999084472656
2022-04-25,20.23200035095215,2.8259999752044678,27.020000457763672
2022-04-26,20.214599609375,2.7720000743865967,33.52000045776367
2022-04-27,20.380319595336914,2.818000078201294,31.600000381469727
2022-04-28,20.372299194335938,2.86299991607666,29.989999771118164
2022-04-29,20.441299438476562,2.88700008392334,33.400001525878906
2022-05-02,20.41737937927246,2.996000051498413,32.34000015258789
2022-05-03,20.448200225830078,2.9600000381469727,29.25
2022-05-04,20.280059814453125,2.9170000553131104,25.420000076293945
2022-05-05,20.038259506225586,3.065999984741211,31.200000762939453
2022-05-06,20.21470069885254,3.122999906539917,30.190000534057617
2022-05-09,20.176300048828125,3.0789999961853027,34.75
2022-05-10,20.3635196685791,2.993000030517578,32.9900016784668
2022-05-11,20.380359649658203,2.9210000038146973,32.560001373291016
2022-05-12,20.319730758666992,2.816999912261963,31.770000457763672
2022-05-13,20.172700881958008,2.934999942779541,28.8700008392334
2022-05-16,20.09126091003418,2.877000093460083,27.469999313354492
2022-05-17,20.019100189208984,2.9679999351501465,26.100000381469727
2022-05-18,19.93549919128418,2.885999917984009,30.959999084472656
2022-05-19,20.023000717163086,2.8550000190734863,29.350000381469727
2022-05-20,19.923599243164062,2.7869999408721924,29.43000030517578
2022-05-23,19.84942054748535,2.8589999675750732,28.479999542236328
2022-05-24,19.917959213256836,2.759999990463257,29.450000762939453
2022-05-25,19.84269905090332,2.749000072479248,28.3700008392334
2022-05-26,19.818199157714844,2.75600004196167,27.5
2022-05-27,19.75189971923828,2.743000030517578,25.719999313354492
2022-05-31,19.531299591064453,2.8440001010894775,26.190000534057617
2022-06-01,19.648740768432617,2.930999994277954,25.690000534057617
2022-06-02,19.71306037902832,2.9130001068115234,24.719999313354492
2022-06-03,19.52790069580078,2.9570000171661377,24.790000915527344
2022-06-06,19.54521942138672,3.0380001068115234,25.06999969482422
2022-06-07,19.555299758911133,2.9719998836517334,24.020000457763672
2022-06-08,19.57670021057129,3.0290000438690186,23.959999084472656
2022-06-09,19.587099075317383,3.0439999103546143,26.09000015258789
2022-06-10,19.676300048828125,3.1559998989105225,27.75
2022-06-13,20.019460678100586,3.365999937057495,34.02000045776367
2022-06-14,20.466800689697266,3.4830000400543213,32.689998626708984
2022-06-15,20.560659408569336,3.3949999809265137,29.6200008392334
2022-06-16,20.222150802612305,3.306999921798706,32.95000076293945
2022-06-17,20.397199630737305,3.239000082015991,31.1299991607666
2022-06-21,20.26849937438965,3.306999921798706,30.190000534057617
2022-06-22,20.136999130249023,3.1559998989105225,28.950000762939453
2022-06-23,20.04949951171875,3.068000078201294,29.049999237060547
2022-06-24,20.009899139404297,3.125,27.229999542236328
2022-06-27,19.892559051513672,3.194000005722046,26.950000762939453
2022-06-28,19.90290069580078,3.2060000896453857,28.360000610351562
2022-06-29,20.1466007232666,3.0929999351501465,28.15999984741211
2022-06-30,20.130359649658203,2.9719998836517334,28.709999084472656
2022-07-01,20.102949142456055,2.8889999389648438,26.700000762939453
2022-07-05,20.268400192260742,2.809000015258789,27.540000915527344
2022-07-06,20.522899627685547,2.9130001068115234,26.729999542236328
2022-07-07,20.64109992980957,3.007999897003174,26.079999923706055
2022-07-08,20.493999481201172,3.1010000705718994,24.639999389648438
2022-07-11,20.46269989013672,2.990999937057495,26.170000076293945
2022-07-12,20.721200942993164,2.9579999446868896,27.290000915527344
2022-07-13,20.8664608001709,2.9040000438690186,26.81999969482422
2022-07-14,20.790800094604492,2.9600000381469727,26.399999618530273
2022-07-15,20.805889129638672,2.930000066757202,24.229999542236328
2022-07-18,20.49959945678711,2.9600000381469727,25.299999237060547
2022-07-19,20.44502067565918,3.0190000534057617,24.5
2022-07-20,20.519800186157227,3.0360000133514404,23.8799991607666
2022-07-21,20.54210090637207,2.9100000858306885,23.110000610351562
2022-07-22,20.65410041809082,2.7829999923706055,23.030000686645508
2022-07-25,20.53459930419922,2.819999933242798,23.360000610351562
2022-07-26,20.450700759887695,2.7869999408721924,24.690000534057617
2022-07-27,20.453699111938477,2.7339999675750732,23.239999771118164
2022-07-28,20.373300552368164,2.680999994277954,22.329999923706055
2022-07-29,20.281200408935547,2.6419999599456787,21.329999923706055
2022-08-01,20.374500274658203,2.6059999465942383,22.84000015258789
2022-08-02,20.383499145507812,2.740999937057495,23.93000030517578
2022-08-03,20.810909271240234,2.747999906539917,21.950000762939453
2022-08-04,20.492700576782227,2.6760001182556152,21.440000534057617
2022-08-05,20.323699951171875,2.8399999141693115,21.149999618530273
2022-08-08,20.42140007019043,2.765000104904175,21.290000915527344
2022-08-09,20.2406005859375,2.796999931335449,21.770000457763672
2022-08-10,20.239999771118164,2.7860000133514404,19.739999771118164
2022-08-11,20.015100479125977,2.888000011444092,20.200000762939453
2022-08-12,19.93320083618164,2.8489999771118164,19.530000686645508
2022-08-15,19.85363006591797,2.7909998893737793,19.950000762939453
2022-08-16,19.808300018310547,2.8239998817443848,19.690000534057617
2022-08-17,19.903539657592773,2.8929998874664307,19.899999618530273
2022-08-18,19.970399856567383,2.880000114440918,19.559999465942383
2022-08-19,20.130159378051758,2.989000082015991,20.600000381469727
2022-08-22,20.189050674438477,3.0369999408721924,23.799999237060547
2022-08-23,20.12689971923828,3.053999900817871,24.110000610351562
2022-08-24,19.983680725097656,3.1059999465942383,22.81999969482422
2022-08-25,19.902599334716797,3.0260000228881836,21.780000686645508
2022-08-26,19.919099807739258,3.0350000858306885,25.559999465942383
2022-08-29,20.067800521850586,3.109999895095825,26.209999084472656
2022-08-30,19.984800338745117,3.109999895095825,26.209999084472656
2022-08-31,20.127300262451172,3.132999897003174,25.8700008392334
2022-09-01,20.186660766601562,3.265000104904175,25.559999465942383
2022-09-02,20.166900634765625,3.193000078201294,25.469999313354492
2022-09-06,19.965599060058594,3.3399999141693115,26.90999984741211
2022-09-07,20.131500244140625,3.265000104904175,24.639999389648438
2022-09-08,19.981800079345703,3.2920000553131104,23.610000610351562
2022-09-09,19.933500289916992,3.321000099182129,22.790000915527344
2022-09-12,19.859100341796875,3.361999988555908,23.8700008392334
2022-09-13,19.830020904541016,3.421999931335449,27.270000457763672
2022-09-14,20.03190040588379,3.4119999408721924,26.15999984741211
2022-09-15,19.95159912109375,3.4590001106262207,26.270000457763672
2022-09-16,20.08099937438965,3.447999954223633,26.299999237060547
2022-09-19,20.03022003173828,3.490000009536743,25.760000228881836
2022-09-20,19.903099060058594,3.571000099182129,27.15999984741211
2022-09-21,19.976299285888672,3.509999990463257,27.989999771118164
2022-09-22,20.044099807739258,3.7079999446868896,27.350000381469727
2022-09-23,19.919200897216797,3.697000026702881,29.920000076293945
2022-09-26,20.211259841918945,3.878000020980835,32.2599983215332
2022-09-27,20.37074089050293,3.9639999866485596,32.599998474121094
2022-09-28,20.368629455566406,3.7049999237060547,30.18000030517578
2022-09-29,20.18494987487793,3.746999979019165,31.84000015258789
2022-09-30,20.12455940246582,3.803999900817871,31.6200008392334
2022-10-03,20.117389678955078,3.6510000228881836,30.100000381469727
2022-10-04,20.00670051574707,3.617000102996826,29.06999969482422
2022-10-05,19.965190887451172,3.759000062942505,28.549999237060547
2022-10-06,20.03380012512207,3.8259999752044678,30.520000457763672
2022-10-07,20.100099563598633,3.882999897003174,31.360000610351562
2022-10-10,20.029800415039062,3.888000011444092,32.45000076293945
2022-10-11,19.94029998779297,3.938999891281128,33.630001068115234
2022-10-12,20.06555938720703,3.9019999504089355,33.56999969482422
2022-10-13,19.97319984436035,3.9519999027252197,31.940000534057617
2022-10-14,19.97570037841797,4.010000228881836,32.02000045776367
2022-10-17,20.015899658203125,4.014999866485596,31.3700008392334
2022-10-18,19.971799850463867,3.997999906539917,30.5
2022-10-19,20.01889991760254,4.126999855041504,30.760000228881836
2022-10-20,20.127410888671875,4.22599983215332,29.979999542236328
2022-10-21,20.042760848999023,4.2129998207092285,29.690000534057617
2022-10-24,19.9325008392334,4.234000205993652,29.850000381469727
2022-10-25,19.908100128173828,4.107999801635742,28.459999084472656
2022-10-26,19.866600036621094,4.014999866485596,27.280000686645508
2022-10-27,19.943029403686523,3.937000036239624,27.389999389648438
2022-10-28,19.840309143066406,4.010000228881836,25.75
2022-10-31,19.820199966430664,4.077000141143799,25.8799991607666
2022-11-01,19.79319953918457,4.052000045776367,25.809999465942383
2022-11-02,19.724899291992188,4.059000015258789,25.860000610351562
2022-11-03,19.67840003967285,4.124000072479248,25.299999237060547
2022-11-04,19.670270919799805,4.156000137329102,24.549999237060547
2022-11-07,19.5633602142334,4.214000225067139,24.350000381469727
2022-11-08,19.443099975585938,4.125999927520752,25.540000915527344
2022-11-09,19.537620544433594,4.151000022888184,26.09000015258789
2022-11-10,19.56209945678711,3.8289999961853027,23.530000686645508
2022-11-11,19.315509796142578,3.812999963760376,22.520000457763672
2022-11-14,19.514429092407227,3.865000009536743,23.729999542236328
2022-11-15,19.33919906616211,3.7990000247955322,24.540000915527344
2022-11-16,19.34119987487793,3.691999912261963,24.110000610351562
2022-11-17,19.33333969116211,3.7750000953674316,23.93000030517578
2022-11-18,19.399900436401367,3.818000078201294,23.1200008392334
2022-11-21,19.443199157714844,3.825000047683716,22.360000610351562
2022-11-22,19.531600952148438,3.757999897003174,21.290000915527344
2022-11-23,19.441909790039062,3.7060000896453857,20.350000381469727
2022-11-25,19.38129997253418,3.690999984741211,20.5
2022-11-28,19.34354019165039,3.703000068664551,22.209999084472656
2022-11-29,19.296300888061523,3.747999906539917,21.889999389648438
2022-11-30,19.23200035095215,3.703000068664551,20.579999923706055
2022-12-01,19.264850616455078,3.5290000438690186,19.84000015258789
2022-12-02,19.128299713134766,3.50600004196167,19.059999465942383
2022-12-05,19.38298988342285,3.5989999771118164,20.75
2022-12-06,19.721399307250977,3.513000011444092,22.170000076293945
2022-12-07,19.7544002532959,3.4079999923706055,22.68000030517578
2022-12-08,19.666900634765625,3.490999937057495,22.290000915527344
2022-12-09,19.621559143066406,3.566999912261963,22.829999923706055
2022-12-12,19.786699295043945,3.6110000610351562,25.0
2022-12-13,19.847299575805664,3.500999927520752,22.549999237060547
2022-12-14,19.542020797729492,3.503000020980835,21.139999389648438
2022-12-15,19.609399795532227,3.450000047683716,22.829999923706055
2022-12-16,19.74959945678711,3.4820001125335693,22.6200008392334
2022-12-19,19.79690933227539,3.5810000896453857,22.420000076293945
2022-12-20,19.787599563598633,3.684000015258789,21.479999542236328
2022-12-21,19.754199981689453,3.684000015258789,20.06999969482422
2022-12-22,19.659589767456055,3.6689999103546143,21.969999313354492
2022-12-23,19.559499740600586,3.750999927520752,20.8700008392334
2022-12-27,19.363069534301758,3.859999895095825,21.649999618530273
2022-12-28,19.462099075317383,3.88700008392334,22.139999389648438
2022-12-29,19.422300338745117,3.8350000381469727,21.440000534057617
2022-12-30,19.457599639892578,3.878999948501587,21.670000076293945
2023-01-03,19.458799362182617,3.7929999828338623,22.899999618530273
2023-01-04,19.40760040283203,3.7090001106262207,22.010000228881836
2023-01-05,19.38680076599121,3.7200000286102295,22.459999084472656
2023-01-06,19.31855010986328,3.569000005722046,21.1299991607666
2023-01-09,19.124300003051758,3.5169999599456787,21.969999313354492
2023-01-10,19.124500274658203,3.621000051498413,20.579999923706055
2023-01-11,19.059600830078125,3.553999900817871,21.09000015258789
2023-01-12,18.942399978637695,3.4489998817443848,18.829999923706055
2023-01-13,18.844310760498047,3.510999917984009,18.350000381469727
2023-01-17,18.77790069580078,3.5350000858306885,19.360000610351562
2023-01-18,18.64150047302246,3.375,20.34000015258789
2023-01-19,18.874059677124023,3.3970000743865967,20.520000457763672
2023-01-20,18.98270034790039,3.4839999675750732,19.850000381469727
2023-01-23,18.857770919799805,3.5250000953674316,19.809999465942383
2023-01-24,18.81325912475586,3.4690001010894775,19.200000762939453
2023-01-25,18.783599853515625,3.4619998931884766,19.079999923706055
2023-01-26,18.776199340820312,3.493000030517578,18.729999542236328
2023-01-27,18.79669952392578,3.5179998874664307,18.510000228881836
2023-01-30,18.768749237060547,3.5510001182556152,19.940000534057617
2023-01-31,18.75860023498535,3.5290000438690186,19.399999618530273
2023-02-01,18.842870712280273,3.3970000743865967,17.8700008392334
2023-02-02,18.58289909362793,3.3959999084472656,18.729999542236328
2023-02-03,18.641399383544922,3.5320000648498535,18.329999923706055
2023-02-06,18.990869522094727,3.634000062942505,19.43000030517578
2023-02-07,19.167999267578125,3.6740000247955322,18.65999984741211
2023-02-08,18.881500244140625,3.6530001163482666,19.6299991607666
2023-02-09,18.934450149536133,3.683000087738037,20.709999084472656
2023-02-10,18.77829933166504,3.74399995803833,20.530000686645508
2023-02-13,18.67840003967285,3.7170000076293945,20.34000015258789
2023-02-14,18.565040588378906,3.760999917984009,18.90999984741211
2023-02-15,18.50480079650879,3.809000015258789,18.229999542236328
2023-02-16,18.584550857543945,3.8429999351501465,20.170000076293945
2023-02-17,18.54871940612793,3.828000068664551,20.020000457763672
2023-02-21,18.38520050048828,3.9549999237060547,22.8700008392334
2023-02-22,18.429899215698242,3.9230000972747803,22.290000915527344
2023-02-23,18.364580154418945,3.878999948501587,21.139999389648438
2023-02-24,18.36865997314453,3.9489998817443848,21.670000076293945
2023-02-27,18.39133071899414,3.921999931335449,20.950000762939453
2023-02-28,18.366899490356445,3.9159998893737793,20.700000762939453
2023-03-01,18.300939559936523,3.99399995803833,20.579999923706055
2023-03-02,18.115970611572266,4.072999954223633,19.59000015258789
2023-03-03,18.105300903320312,3.9639999866485596,18.489999771118164
2023-03-06,17.97800064086914,3.9830000400543213,18.610000610351562
2023-03-07,18.00135040283203,3.9749999046325684,19.59000015258789
2023-03-08,18.100099563598633,3.9760000705718994,19.110000610351562
2023-03-09,17.97075080871582,3.924999952316284,22.610000610351562
2023-03-10,18.329639434814453,3.694999933242798,24.799999237060547
2023-03-13,18.31702995300293,3.515000104904175,26.520000457763672
2023-03-14,18.91908073425293,3.638000011444092,23.729999542236328
2023-03-15,18.600500106811523,3.492000102996826,26.139999389648438
2023-03-16,18.991899490356445,3.5850000381469727,22.989999771118164
2023-03-17,18.769390106201172,3.3949999809265137,25.510000228881836
2023-03-20,18.843420028686523,3.4809999465942383,24.149999618530273
2023-03-21,18.814599990844727,3.6059999465942383,21.3799991607666
2023-03-22,18.62405014038086,3.5,22.260000228881836
2023-03-23,18.593360900878906,3.4059998989105225,22.610000610351562
2023-03-24,18.567899703979492,3.380000114440918,21.739999771118164
2023-03-27,18.427059173583984,3.5280001163482666,20.600000381469727
2023-03-28,18.318599700927734,3.563999891281128,19.969999313354492
2023-03-29,18.219200134277344,3.565999984741211,19.1200008392334
2023-03-30,18.094030380249023,3.5510001182556152,19.020000457763672
2023-03-31,18.089550018310547,3.49399995803833,18.700000762939453
2023-04-03,18.03915023803711,3.430000066757202,18.549999237060547
2023-04-04,18.087570190429688,3.3369998931884766,19.0
2023-04-05,18.112499237060547,3.2869999408721924,19.079999923706055
2023-04-06,18.308799743652344,3.2880001068115234,18.399999618530273
2023-04-10,18.134700775146484,3.4149999618530273,18.969999313354492
2023-04-11,18.14310073852539,3.434000015258789,19.100000381469727
2023-04-12,18.158899307250977,3.4210000038146973,19.09000015258789
2023-04-13,18.055099487304688,3.4519999027252197,17.799999237060547
2023-04-14,18.018999099731445,3.5220000743865967,17.06999969482422
2023-04-17,17.99287986755371,3.5910000801086426,16.950000762939453
2023-04-18,18.03219985961914,3.572000026702881,16.829999923706055
2023-04-19,18.043489456176758,3.6019999980926514,16.459999084472656
2023-04-20,18.04050064086914,3.5450000762939453,17.170000076293945
2023-04-21,17.997909545898438,3.569999933242798,16.770000457763672
2023-04-24,17.997140884399414,3.515000104904175,16.889999389648438
2023-04-25,17.965200424194336,3.3959999084472656,18.760000228881836
2023-04-26,18.0403995513916,3.431999921798706,18.84000015258789
2023-04-27,18.158550262451172,3.5280001163482666,17.030000686645508
2023-04-28,18.024499893188477,3.4519999027252197,15.779999732971191
2023-05-01,17.99139976501465,3.5739998817443848,16.079999923706055
2023-05-02,17.93769073486328,3.438999891281128,17.780000686645508
2023-05-03,17.97426986694336,3.4030001163482666,18.34000015258789
2023-05-04,17.956100463867188,3.3510000705718994,20.09000015258789
2023-05-05,17.89937973022461,3.446000099182129,17.190000534057617
2023-05-08,17.76626968383789,3.5209999084472656,16.979999542236328
2023-05-09,17.787580490112305,3.5209999084472656,17.709999084472656
2023-05-10,17.743499755859375,3.438999891281128,16.940000534057617
2023-05-11,17.537200927734375,3.3970000743865967,16.93000030517578
2023-05-12,17.57469940185547,3.4630000591278076,17.030000686645508
2023-05-15,17.596250534057617,3.507999897003174,17.1200008392334
2023-05-16,17.4330997467041,3.5490000247955322,17.989999771118164
2023-05-17,17.480300903320312,3.5810000896453857,16.8700008392334
2023-05-18,17.606769561767578,3.6480000019073486,16.049999237060547
2023-05-19,17.715700149536133,3.691999912261963,16.809999465942383
2023-05-22,17.7460994720459,3.7190001010894775,17.209999084472656
2023-05-23,17.879899978637695,3.697999954223633,18.530000686645508
2023-05-24,17.958200454711914,3.7190001010894775,20.030000686645508
2023-05-25,17.799930572509766,3.813999891281128,19.139999389648438
2023-05-26,17.84630012512207,3.809999942779541,17.950000762939453
2023-05-30,17.598819732666016,3.700000047683716,17.459999084472656
2023-05-31,17.65570068359375,3.63700008392334,17.940000534057617
2023-06-01,17.67650032043457,3.6080000400543213,15.649999618530273
2023-06-02,17.538799285888672,3.690999984741211,14.600000381469727
2023-06-05,17.550399780273438,3.693000078201294,14.729999542236328
2023-06-06,17.445899963378906,3.6989998817443848,13.960000038146973
2023-06-07,17.367700576782227,3.7839999198913574,13.9399995803833
2023-06-08,17.355289459228516,3.7139999866485596,13.649999618530273
2023-06-09,17.37220001220703,3.744999885559082,13.829999923706055
2023-06-12,17.27090072631836,3.765000104904175,15.010000228881836
2023-06-13,17.2841796875,3.8389999866485596,14.609999656677246
2023-06-14,17.233789443969727,3.7960000038146973,13.880000114440918
2023-06-15,17.127399444580078,3.7279999256134033,14.5
2023-06-16,17.12636947631836,3.7690000534057617,13.539999961853027
2023-06-20,17.072999954223633,3.7290000915527344,13.880000114440918
2023-06-21,17.20363998413086,3.7230000495910645,13.199999809265137
2023-06-22,17.11750030517578,3.7990000247955322,12.90999984741211
2023-06-23,17.170000076293945,3.739000082015991,13.4399995803833
2023-06-26,17.1471004486084,3.7190001010894775,14.25
2023-06-27,17.117000579833984,3.7679998874664307,13.739999771118164
2023-06-28,17.076499938964844,3.7100000381469727,13.430000305175781
2023-06-29,17.08289909362793,3.8540000915527344,13.539999961853027
2023-06-30,17.10610008239746,3.819000005722046,13.59000015258789
2023-07-03,17.12080955505371,3.8580000400543213,13.569999694824219
2023-07-05,17.035499572753906,3.944999933242798,14.180000305175781
2023-07-06,17.006080627441406,4.040999889373779,15.4399995803833
2023-07-07,17.231609344482422,4.050000190734863,14.829999923706055
2023-07-10,17.147850036621094,4.00600004196167,15.069999694824219
2023-07-11,17.0447998046875,3.9800000190734863,14.84000015258789
2023-07-12,17.028900146484375,3.8610000610351562,13.539999961853027
2023-07-13,16.89642906188965,3.760999917984009,13.609999656677246
2023-07-14,16.846630096435547,3.819000005722046,13.34000015258789
2023-07-17,16.73870086669922,3.796999931335449,13.479999542236328
2023-07-18,16.713699340820312,3.7890000343322754,13.300000190734863
2023-07-19,16.75214958190918,3.742000102996826,13.760000228881836
2023-07-20,16.711870193481445,3.8540000915527344,13.989999771118164
2023-07-21,16.86590003967285,3.8369998931884766,13.600000381469727
2023-07-24,16.974300384521484,3.8570001125335693,13.90999984741211
2023-07-25,16.826099395751953,3.9119999408721924,13.859999656677246
2023-07-26,16.926700592041016,3.8510000705718994,13.1899995803833
2023-07-27,16.86244010925293,4.01200008392334,14.40999984741211
2023-07-28,16.84709930419922,3.9690001010894775,13.329999923706055
2023-07-31,16.68090057373047,3.9590001106262207,13.630000114440918
2023-08-01,16.738100051879883,4.051000118255615,13.930000305175781
2023-08-02,16.8735294342041,4.078000068664551,16.09000015258789
2023-08-03,17.00079917907715,4.189000129699707,15.920000076293945
2023-08-04,17.318199157714844,4.059999942779541,17.100000381469727
2023-08-07,17.08099937438965,4.078000068664551,15.770000457763672
2023-08-08,17.064699172973633,4.026000022888184,15.989999771118164
2023-08-09,17.106399536132812,4.01200008392334,15.960000038146973
2023-08-10,17.059289932250977,4.079999923706055,15.850000381469727
2023-08-11,17.067699432373047,4.168000221252441,14.84000015258789
2023-08-14,16.993989944458008,4.184000015258789,14.819999694824219
2023-08-15,17.045299530029297,4.2210001945495605,16.459999084472656
2023-08-16,17.12866973876953,4.257999897003174,16.780000686645508
2023-08-17,17.14409065246582,4.308000087738037,17.889999389648438
2023-08-18,17.09787940979004,4.250999927520752,17.299999237060547
2023-08-21,17.026100158691406,4.3420000076293945,17.1299991607666
2023-08-22,17.012800216674805,4.328000068664551,16.969999313354492
2023-08-23,16.906450271606445,4.197999954223633,15.979999542236328
2023-08-24,16.77910041809082,4.235000133514404,17.200000762939453
2023-08-25,16.830610275268555,4.238999843597412,15.680000305175781
2023-08-28,16.718799591064453,4.211999893188477,15.079999923706055
2023-08-29,16.785999298095703,4.122000217437744,14.449999809265137
2023-08-30,16.786699295043945,4.118000030517578,13.880000114440918
2023-08-31,16.757129669189453,4.0929999351501465,13.569999694824219
2023-09-01,16.998220443725586,4.172999858856201,13.09000015258789
2023-09-05,17.17608070373535,4.26800012588501,14.010000228881836
2023-09-06,17.382600784301758,4.289999961853027,14.449999809265137
2023-09-07,17.578899383544922,4.260000228881836,14.399999618530273
2023-09-08,17.577299118041992,4.257999897003174,13.84000015258789
2023-09-11,17.543140411376953,4.288000106811523,13.800000190734863
2023-09-12,17.281030654907227,4.263999938964844,14.229999542236328
2023-09-13,17.21339988708496,4.249000072479248,13.479999542236328
2023-09-14,17.130599975585938,4.288000106811523,12.819999694824219
2023-09-15,17.106359481811523,4.322000026702881,13.789999961853027
2023-09-18,17.047399520874023,4.318999767303467,14.0
2023-09-19,17.11669921875,4.364999771118164,14.109999656677246
2023-09-20,17.06485939025879,4.348999977111816,15.140000343322754
2023-09-21,17.092159271240234,4.480000019073486,17.540000915527344
2023-09-22,17.21109962463379,4.438000202178955,17.200000762939453
2023-09-25,17.173599243164062,4.541999816894531,16.899999618530273
2023-09-26,17.3843994140625,4.558000087738037,18.940000534057617
2023-09-27,17.54500961303711,4.625999927520752,18.219999313354492
2023-09-28,17.68695068359375,4.5970001220703125,17.34000015258789
2023-09-29,17.5389404296875,4.572999954223633,17.520000457763672
2023-10-02,17.39539909362793,4.683000087738037,17.610000610351562
2023-10-03,17.662500381469727,4.802000045776367,19.780000686645508
2023-10-04,18.0093994140625,4.735000133514404,18.579999923706055
2023-10-05,17.978099822998047,4.7170000076293945,18.489999771118164
2023-10-06,18.278139114379883,4.783999919891357,17.450000762939453
2023-10-09,18.22800064086914,4.796999931335449,17.700000762939453
2023-10-10,18.207679748535156,4.65500020980835,17.030000686645508
2023-10-11,17.934030532836914,4.59499979019165,16.09000015258789
2023-10-12,17.837169647216797,4.711999893188477,16.690000534057617
2023-10-13,17.97064971923828,4.629000186920166,19.31999969482422
2023-10-16,18.049999237060547,4.711999893188477,17.209999084472656
2023-10-17,17.90700912475586,4.8470001220703125,17.8799991607666
2023-10-18,18.001800537109375,4.9039998054504395,19.219999313354492
2023-10-19,18.235200881958008,4.98799991607666,21.399999618530273
2023-10-20,18.308500289916992,4.923999786376953,21.709999084472656
2023-10-23,18.201099395751953,4.8379998207092285,20.3700008392334
2023-10-24,18.132299423217773,4.840000152587891,18.969999313354492
2023-10-25,18.259069442749023,4.953000068664551,20.190000534057617
2023-10-26,18.32740020751953,4.84499979019165,20.68000030517578
2023-10-27,18.136199951171875,4.84499979019165,21.270000457763672
2023-10-30,18.10548973083496,4.875,19.75
2023-10-31,18.048099517822266,4.875,18.139999389648438
2023-11-01,18.04669952392578,4.789000034332275,16.8700008392334
2023-11-02,17.76235008239746,4.669000148773193,15.65999984741211
2023-11-03,17.527000427246094,4.558000087738037,14.90999984741211
2023-11-06,17.472129821777344,4.6620001792907715,14.890000343322754
2023-11-07,17.53529930114746,4.571000099182129,14.8100004196167
2023-11-08,17.470199584960938,4.5229997634887695,14.449999809265137
2023-11-09,17.52519989013672,4.630000114440918,15.289999961853027
2023-11-10,17.78936004638672,4.627999782562256,14.170000076293945
2023-11-13,17.656400680541992,4.631999969482422,14.760000228881836
2023-11-14,17.600099563598633,4.440999984741211,14.15999984741211
2023-11-15,17.332500457763672,4.534999847412109,14.180000305175781
2023-11-16,17.29616928100586,4.445000171661377,14.319999694824219
2023-11-17,17.225799560546875,4.440999984741211,13.800000190734863
2023-11-20,17.219680786132812,4.421999931335449,13.40999984741211
2023-11-21,17.110740661621094,4.418000221252441,13.350000381469727
2023-11-22,17.189599990844727,4.415999889373779,12.850000381469727
2023-11-24,17.186500549316406,4.4720001220703125,12.460000038146973
2023-11-27,17.113859176635742,4.388999938964844,12.6899995803833
2023-11-28,17.158599853515625,4.335999965667725,12.6899995803833
2023-11-29,17.121000289916992,4.270999908447266,12.979999542236328
2023-11-30,17.282800674438477,4.3520002365112305,12.920000076293945
2023-12-01,17.376300811767578,4.22599983215332,12.630000114440918
2023-12-04,17.18876075744629,4.288000106811523,13.079999923706055
2023-12-05,17.454099655151367,4.171000003814697,12.850000381469727
2023-12-06,17.358299255371094,4.120999813079834,12.970000267028809
2023-12-07,17.287460327148438,4.129000186920166,13.0600004196167
2023-12-08,17.472049713134766,4.244999885559082,12.350000381469727
2023-12-11,17.34709930419922,4.238999843597412,12.630000114440918
2023-12-12,17.36989974975586,4.205999851226807,12.069999694824219
2023-12-13,17.303760528564453,4.0329999923706055,12.1899995803833
2023-12-14,17.26226043701172,3.930000066757202,12.479999542236328
2023-12-15,17.190380096435547,3.927999973297119,12.279999732971191
2023-12-18,17.221200942993164,3.9539999961853027,12.5600004196167
2023-12-19,17.162700653076172,3.921999931335449,12.529999732971191
2023-12-20,17.059799194335938,3.877000093460083,13.670000076293945
2023-12-21,17.133169174194336,3.8940000534057617,13.649999618530273
2023-12-22,17.031269073486328,3.9010000228881836,13.029999732971191
2023-12-26,16.975200653076172,3.885999917984009,12.989999771118164
2023-12-27,16.973600387573242,3.7890000343322754,12.430000305175781
2023-12-28,16.91360092163086,3.8499999046325684,12.470000267028809
2023-12-29,16.951200485229492,3.865999937057495,12.449999809265137
2024-01-02,16.962509155273438,3.946000099182129,13.199999809265137
2024-01-03,17.019399642944336,3.9070000648498535,14.039999961853027
2024-01-04,17.012149810791016,3.990999937057495,14.130000114440918
2024-01-05,17.00860023498535,4.041999816894531,13.350000381469727
2024-01-08,16.880939483642578,4.001999855041504,13.079999923706055
2024-01-09,16.83370018005371,4.019000053405762,12.760000228881836
2024-01-10,16.966659545898438,4.03000020980835,12.6899995803833
2024-01-11,16.981660842895508,3.9769999980926514,12.4399995803833
2024-01-12,16.901559829711914,3.950000047683716,12.699999809265137
2024-01-16,16.88479995727539,4.065999984741211,13.84000015258789
2024-01-17,17.197900772094727,4.105999946594238,14.789999961853027
2024-01-18,17.19260025024414,4.144000053405762,14.130000114440918
2024-01-19,17.168359756469727,4.145999908447266,13.300000190734863
2024-01-22,17.093149185180664,4.093999862670898,13.1899995803833
2024-01-23,17.174699783325195,4.142000198364258,12.550000190734863
2024-01-24,17.306060791015625,4.177999973297119,13.140000343322754
2024-01-25,17.234159469604492,4.131999969482422,13.449999809265137
2024-01-26,17.18950080871582,4.159999847412109,13.260000228881836
2024-01-29,17.16861915588379,4.091000080108643,13.600000381469727
2024-01-30,17.219560623168945,4.059000015258789,13.3100004196167
2024-01-31,17.1527099609375,3.9670000076293945,14.350000381469727
2024-02-01,17.217529296875,3.86299991607666,13.880000114440918
2024-02-02,17.0674991607666,4.0329999923706055,13.850000381469727
2024-02-05,17.15069007873535,4.164000034332275,13.670000076293945
2024-02-06,17.109100341796875,4.090000152587891,13.0600004196167
2024-02-07,17.027999877929688,4.110000133514404,12.829999923706055
2024-02-08,17.045400619506836,4.170000076293945,12.789999961853027
2024-02-09,17.13170051574707,4.186999797821045,12.930000305175781
2024-02-12,17.075429916381836,4.171999931335449,13.930000305175781
2024-02-13,17.067760467529297,4.315999984741211,15.850000381469727
2024-02-14,17.202009201049805,4.267000198364258,14.380000114440918
2024-02-15,17.075199127197266,4.239999771118164,14.010000228881836
2024-02-16,17.040170669555664,4.295000076293945,14.239999771118164
2024-02-20,17.03420066833496,4.275000095367432,15.420000076293945
2024-02-21,17.059799194335938,4.324999809265137,15.34000015258789
2024-02-22,17.033100128173828,4.327000141143799,14.539999961853027
2024-02-23,17.10733985900879,4.260000228881836,13.75
2024-02-26,17.113929748535156,4.298999786376953,13.739999771118164
2024-02-27,17.08169937133789,4.315000057220459,13.430000305175781
2024-02-28,17.066959381103516,4.27400016784668,13.84000015258789
2024-02-29,17.087299346923828,4.251999855041504,13.399999618530273
2024-03-01,17.050060272216797,4.179999828338623,13.109999656677246
2024-03-04,17.009370803833008,4.218999862670898,13.489999771118164
2024-03-05,16.95507049560547,4.13700008392334,14.460000038146973
2024-03-06,16.932100296020508,4.104000091552734,14.5
2024-03-07,16.867799758911133,4.0920000076293945,14.4399995803833
2024-03-08,16.864700317382812,4.089000225067139,14.739999771118164
2024-03-11,16.803619384765625,4.104000091552734,15.220000267028809
2024-03-12,16.798969268798828,4.15500020980835,13.84000015258789
2024-03-13,16.784299850463867,4.191999912261963,13.75
2024-03-14,16.669330596923828,4.297999858856201,14.399999618530273
2024-03-15,16.701860427856445,4.303999900817871,14.40999984741211
2024-03-18,16.720399856567383,4.340000152587891,14.329999923706055
2024-03-19,16.830860137939453,4.296999931335449,13.819999694824219
2024-03-20,16.79990005493164,4.2729997634887695,13.039999961853027
2024-03-21,16.667699813842773,4.270999908447266,12.920000076293945
2024-03-22,16.7268009185791,4.2179999351501465,13.0600004196167
2024-03-25,16.75830078125,4.252999782562256,13.1899995803833
2024-03-26,16.670700073242188,4.234000205993652,13.239999771118164
2024-03-27,16.63159942626953,4.196000099182129,12.779999732971191
2024-03-28,16.55069923400879,4.205999851226807,13.010000228881836
2024-04-01,16.555450439453125,4.328999996185303,13.649999618530273
2024-04-02,16.608800888061523,4.364999771118164,14.609999656677246
2024-04-03,16.54990005493164,4.355000019073486,14.329999923706055
2024-04-04,16.527000427246094,4.309000015258789,16.350000381469727
2024-04-05,16.573200225830078,4.377999782562256,16.030000686645508
2024-04-08,16.45199966430664,4.423999786376953,15.1899995803833
2024-04-09,16.314300537109375,4.366000175476074,14.979999542236328
2024-04-10,16.383310317993164,4.559999942779541,15.800000190734863
2024-04-11,16.452499389648438,4.576000213623047,14.90999984741211
2024-04-12,16.42609977722168,4.499000072479248,17.309999465942383
2024-04-15,16.611080169677734,4.627999782562256,19.229999542236328
2024-04-16,16.694400787353516,4.658999919891357,18.399999618530273
2024-04-17,17.033340454101562,4.585000038146973,18.209999084472656
2024-04-18,16.956300735473633,4.646999835968018,18.0
2024-04-19,17.074960708618164,4.614999771118164,18.709999084472656
2024-04-22,17.091999053955078,4.623000144958496,16.940000534057617
2024-04-23,17.136980056762695,4.5980000495910645,15.6899995803833
2024-04-24,16.949199676513672,4.6519999504089355,15.970000267028809
2024-04-25,17.070100784301758,4.705999851226807,15.369999885559082
2024-04-26,17.201810836791992,4.669000148773193,15.029999732971191
2024-04-29,17.16404914855957,4.613999843597412,14.670000076293945
2024-04-30,17.011560440063477,4.685999870300293,15.649999618530273
2024-05-01,17.149919509887695,4.59499979019165,15.390000343322754
2024-05-02,16.928600311279297,4.571000099182129,14.680000305175781
2024-05-03,16.961700439453125,4.5,13.489999771118164
2024-05-06,16.980260848999023,4.488999843597412,13.489999771118164
2024-05-07,16.88334083557129,4.4629998207092285,13.229999542236328
2024-05-08,16.90406036376953,4.492000102996826,13.0
2024-05-09,16.9160099029541,4.448999881744385,12.6899995803833
2024-05-10,16.779499053955078,4.504000186920166,12.550000190734863
2024-05-13,16.767200469970703,4.480999946594238,13.600000381469727
2024-05-14,16.783199310302734,4.445000171661377,13.420000076293945
2024-05-15,16.844160079956055,4.355999946594238,12.449999809265137
2024-05-16,16.681060791015625,4.376999855041504,12.420000076293945
2024-05-17,16.678159713745117,4.420000076293945,11.989999771118164
2024-05-20,16.586299896240234,4.436999797821045,12.149999618530273
2024-05-21,16.552570343017578,4.414000034332275,11.859999656677246
2024-05-22,16.606599807739258,4.434000015258789,12.289999961853027
2024-05-23,16.661630630493164,4.474999904632568,12.770000457763672
2024-05-24,16.730369567871094,4.4670000076293945,11.930000305175781
2024-05-28,16.6623592376709,4.541999816894531,12.920000076293945
2024-05-29,16.781400680541992,4.624000072479248,14.279999732971191
2024-05-30,17.017580032348633,4.553999900817871,14.470000267028809
2024-05-31,17.00581932067871,4.513999938964844,12.920000076293945
2024-06-03,16.97260093688965,4.4019999504089355,13.109999656677246
2024-06-04,17.700429916381836,4.335999965667725,13.15999984741211
2024-06-05,17.81191062927246,4.289000034332275,12.630000114440918
2024-06-06,17.50349998474121,4.281000137329102,12.579999923706055
2024-06-07,17.879959106445312,4.429999828338623,12.220000267028809
2024-06-10,18.325849533081055,4.468999862670898,12.739999771118164
2024-06-11,18.57221031188965,4.4039998054504395,12.850000381469727
2024-06-12,18.58061981201172,4.295000076293945,12.039999961853027
2024-06-13,18.754140853881836,4.23799991607666,11.9399995803833
2024-06-14,18.415180206298828,4.2129998207092285,12.65999984741211
2024-06-17,18.455799102783203,4.2789998054504395,12.75
2024-06-18,18.52090072631836,4.2170000076293945,12.300000190734863
2024-06-20,18.427440643310547,4.254000186920166,13.279999732971191
2024-06-21,18.34238052368164,4.256999969482422,13.199999809265137
2024-06-24,18.129789352416992,4.248000144958496,13.329999923706055
2024-06-25,17.944719314575195,4.23799991607666,12.84000015258789
2024-06-26,18.111299514770508,4.315999984741211,12.550000190734863
2024-06-27,18.301000595092773,4.288000106811523,12.239999771118164
2024-06-28,18.42976951599121,4.3429999351501465,12.4399995803833
2024-07-01,18.265300750732422,4.479000091552734,12.220000267028809
2024-07-02,18.36639976501465,4.435999870300293,12.029999732971191
2024-07-03,18.252199172973633,4.355000019073486,12.09000015258789
2024-07-05,18.080400466918945,4.271999835968018,12.479999542236328
2024-07-08,18.088279724121094,4.269000053405762,12.369999885559082
2024-07-09,17.973600387573242,4.300000190734863,12.510000228881836
2024-07-10,17.895339965820312,4.28000020980835,12.850000381469727
2024-07-11,17.836530685424805,4.192999839782715,12.920000076293945
2024-07-12,17.753259658813477,4.189000129699707,12.460000038146973
2024-07-15,17.69873046875,4.229000091552734,13.119999885559082
2024-07-16,17.71579933166504,4.166999816894531,13.1899995803833
2024-07-17,17.650419235229492,4.145999908447266,14.479999542236328
2024-07-18,17.720199584960938,4.189000129699707,15.930000305175781
2024-07-19,17.958499908447266,4.238999843597412,16.520000457763672
2024-07-22,17.970619201660156,4.260000228881836,14.90999984741211
2024-07-23,17.930599212646484,4.238999843597412,14.720000267028809
2024-07-24,18.163150787353516,4.285999774932861,18.040000915527344
2024-07-25,18.360319137573242,4.25600004196167,18.459999084472656
2024-07-26,18.439899444580078,4.199999809265137,16.389999389648438
2024-07-29,18.42729949951172,4.177999973297119,16.600000381469727
2024-07-30,18.640899658203125,4.14300012588501,17.690000534057617
2024-07-31,18.75279998779297,4.109000205993652,16.360000610351562
2024-08-01,18.640039443969727,3.9760000705718994,18.59000015258789
2024-08-02,18.923799514770508,3.7920000553131104,23.389999389648438
2024-08-05,19.528430938720703,3.7850000858306885,38.56999969482422
2024-08-06,19.19502067565918,3.888000011444092,27.709999084472656
2024-08-07,19.58378028869629,3.9679999351501465,27.850000381469727
2024-08-08,19.33470916748047,3.996999979019165,23.790000915527344
2024-08-09,18.86026954650879,3.941999912261963,20.3700008392334
2024-08-12,18.822189331054688,3.9089999198913574,20.709999084472656
2024-08-13,19.059799194335938,3.8519999980926514,18.1200008392334
2024-08-14,18.998079299926758,3.819999933242798,16.190000534057617
2024-08-15,18.81170082092285,3.9260001182556152,15.229999542236328
2024-08-16,18.636199951171875,3.8919999599456787,14.800000190734863
2024-08-19,18.6258602142334,3.867000102996826,14.649999618530273
2024-08-20,18.665109634399414,3.818000078201294,15.880000114440918
2024-08-21,19.009849548339844,3.7780001163482666,16.270000457763672
2024-08-22,19.277130126953125,3.861999988555908,17.549999237060547
2024-08-23,19.49020004272461,3.806999921798706,15.859999656677246
2024-08-26,19.212249755859375,3.818000078201294,16.149999618530273
2024-08-27,19.374500274658203,3.8329999446868896,15.430000305175781
2024-08-28,19.77079963684082,3.8410000801086426,17.110000610351562
2024-08-29,19.664400100708008,3.867000102996826,15.649999618530273
2024-08-30,19.834199905395508,3.9110000133514404,15.0
2024-09-03,19.83639907836914,3.8440001010894775,20.719999313354492
2024-09-04,19.795400619506836,3.7679998874664307,21.31999969482422
2024-09-05,19.948749542236328,3.7309999465942383,19.899999618530273
2024-09-06,19.881380081176758,3.7100000381469727,22.3799991607666
2024-09-09,19.940200805664062,3.697000026702881,19.450000762939453
2024-09-10,19.89137077331543,3.6459999084472656,19.079999923706055
2024-09-11,20.08941078186035,3.6530001163482666,17.690000534057617
2024-09-12,19.795900344848633,3.680000066757202,17.06999969482422
2024-09-13,19.52079963684082,3.6500000953674316,16.559999465942383
2024-09-16,19.15220069885254,3.621000051498413,17.139999389648438
2024-09-17,19.20560073852539,3.6419999599456787,17.610000610351562
2024-09-18,19.115530014038086,3.684999942779541,18.229999542236328
2024-09-19,19.243270874023438,3.740000009536743,16.329999923706055
2024-09-20,19.299999237060547,3.7279999256134033,16.149999618530273
2024-09-23,19.37656021118164,3.739000082015991,15.890000343322754
2024-09-24,19.4153995513916,3.7360000610351562,15.390000343322754
2024-09-25,19.30820083618164,3.7809998989105225,15.40999984741211
2024-09-26,19.636600494384766,3.7909998893737793,15.369999885559082
2024-09-27,19.61591911315918,3.749000072479248,16.959999084472656
2024-09-30,19.63050079345703,3.802000045776367,16.729999542236328
2024-10-01,19.66360092163086,3.743000030517578,19.260000228881836
2024-10-02,19.626440048217773,3.7850000858306885,18.899999618530273
2024-10-03,19.408199310302734,3.8499999046325684,20.489999771118164
2024-10-04,19.335500717163086,3.9809999465942383,19.209999084472656
2024-10-07,19.27667999267578,4.026000022888184,22.639999389648438
2024-10-08,19.289670944213867,4.0329999923706055,21.420000076293945
2024-10-09,19.345399856567383,4.066999912261963,20.860000610351562
2024-10-10,19.467449188232422,4.0960001945495605,20.93000030517578
2024-10-11,19.438400268554688,4.072999954223633,20.459999084472656
2024-10-14,19.29953956604004,4.0980000495910645,19.700000762939453
2024-10-15,19.425949096679688,4.038000106811523,20.639999389648438
2024-10-16,19.695100784301758,4.015999794006348,19.579999923706055
2024-10-17,19.898700714111328,4.0960001945495605,19.110000610351562
2024-10-18,19.816810607910156,4.072999954223633,18.030000686645508
2024-10-21,19.868560791015625,4.182000160217285,18.3700008392334
2024-10-22,19.960800170898438,4.203999996185303,18.200000762939453
2024-10-23,19.936199188232422,4.242000102996826,19.239999771118164
2024-10-24,19.832460403442383,4.199999809265137,19.079999923706055
2024-10-25,19.814199447631836,4.23199987411499,20.329999923706055
2024-10-28,19.946569442749023,4.2779998779296875,19.799999237060547
2024-10-29,20.02873992919922,4.27400016784668,19.34000015258789
2024-10-30,20.05377960205078,4.265999794006348,20.350000381469727
2024-10-31,20.1639404296875,4.283999919891357,23.15999984741211
2024-11-01,20.050689697265625,4.361000061035156,21.8799991607666
2024-11-04,20.081819534301758,4.309000015258789,21.979999542236328
2024-11-05,20.093900680541992,4.289000034332275,20.489999771118164
2024-11-06,20.13159942626953,4.426000118255615,16.270000457763672
2024-11-07,20.167009353637695,4.341000080108643,15.199999809265137
2024-11-08,19.793569564819336,4.306000232696533,14.9399995803833
2024-11-11,20.13759994506836,4.308000087738037,14.970000267028809
2024-11-12,20.339500427246094,4.432000160217285,14.710000038146973
2024-11-13,20.582700729370117,4.451000213623047,14.020000457763672
2024-11-14,20.518400192260742,4.418000221252441,14.3100004196167
2024-11-15,20.438600540161133,4.427999973297119,16.139999389648438
2024-11-18,20.356170654296875,4.414000034332275,15.579999923706055
2024-11-19,20.213289260864258,4.379000186920166,16.350000381469727
2024-11-20,20.10972023010254,4.406000137329102,17.15999984741211
2024-11-21,20.274620056152344,4.432000160217285,16.8700008392334
2024-11-22,20.414119720458984,4.409999847412109,15.239999771118164
2024-11-25,20.350839614868164,4.264999866485596,14.600000381469727
2024-11-26,20.580469131469727,4.302000045776367,14.100000381469727
2024-11-27,20.65250015258789,4.242000102996826,14.100000381469727
2024-11-29,20.436199188232422,4.177999973297119,13.510000228881836
2024-12-02,20.378610610961914,4.196000099182129,13.34000015258789
2024-12-03,20.40690040588379,4.2230000495910645,13.300000190734863
2024-12-04,20.30389976501465,4.179999828338623,13.449999809265137
2024-12-05,20.308639526367188,4.179999828338623,13.539999961853027
2024-12-06,20.19179916381836,4.151000022888184,12.770000457763672
2024-12-09,20.170900344848633,4.198999881744385,14.1899995803833
2024-12-10,20.245899200439453,4.2210001945495605,14.180000305175781
2024-12-11,20.1607608795166,4.270999908447266,13.579999923706055
2024-12-12,20.114200592041016,4.323999881744385,13.920000076293945
2024-12-13,20.191099166870117,4.39900016784668,13.8100004196167
2024-12-16,20.105419158935547,4.396999835968018,14.6899995803833
2024-12-17,20.133819580078125,4.385000228881836,15.869999885559082
2024-12-18,20.173749923706055,4.49399995803833,27.6200008392334
2024-12-19,20.37470054626465,4.570000171661377,24.09000015258789
2024-12-20,20.333999633789062,4.52400016784668,18.360000610351562
2024-12-23,20.063430786132812,4.598999977111816,16.780000686645508
2024-12-24,20.169300079345703,4.591000080108643,14.270000457763672
2024-12-26,20.156639099121094,4.578999996185303,14.729999542236328
2024-12-27,20.20479965209961,4.61899995803833,15.949999809265137
2024-12-30,20.313169479370117,4.545000076293945,17.399999618530273
2024-12-31,20.632200241088867,4.572999954223633,17.350000381469727
2025-01-02,20.83024024963379,4.574999809265137,17.93000030517578
2025-01-03,20.592899322509766,4.5960001945495605,16.1299991607666
2025-01-06,20.620149612426758,4.618000030517578,16.040000915527344
2025-01-07,20.32080078125,4.683000087738037,17.81999969482422
2025-01-08,20.32733917236328,4.692999839782715,17.700000762939453
2025-01-10,20.506359100341797,4.776000022888184,19.540000915527344
2025-01-13,20.70178985595703,4.802999973297119,19.190000534057617
2025-01-14,20.61046028137207,4.788000106811523,18.709999084472656
2025-01-15,20.503999710083008,4.6529998779296875,16.1200008392334
2025-01-16,20.455310821533203,4.605999946594238,16.600000381469727
2025-01-17,20.83272933959961,4.609000205993652,15.970000267028809
2025-01-21,20.49724006652832,4.573999881744385,15.0600004196167
2025-01-22,20.66119956970215,4.598999977111816,15.100000381469727
2025-01-23,20.48710060119629,4.638000011444092,15.020000457763672
2025-01-24,20.37883949279785,4.625999927520752,14.850000381469727
2025-01-27,20.436969757080078,4.5279998779296875,17.899999618530273
2025-01-28,20.7283992767334,4.551000118255615,16.40999984741211
2025-01-29,20.540000915527344,4.554999828338623,16.559999465942383
2025-01-30,20.501800537109375,4.51200008392334,15.84000015258789
2025-01-31,20.674470901489258,4.568999767303467,16.43000030517578
2025-02-03,21.16939926147461,4.543000221252441,18.6200008392334
2025-02-04,20.385129928588867,4.513000011444092,17.209999084472656
2025-02-05,20.512420654296875,4.421999931335449,15.770000457763672
2025-02-06,20.573720932006836,4.440000057220459,15.5
2025-02-07,20.44339942932129,4.486999988555908,16.540000915527344
2025-02-10,20.600309371948242,4.493000030517578,15.8100004196167
2025-02-11,20.624610900878906,4.5370001792907715,16.020000457763672
2025-02-12,20.546720504760742,4.63700008392334,15.890000343322754
2025-02-13,20.543489456176758,4.525000095367432,15.100000381469727
2025-02-14,20.415189743041992,4.4720001220703125,14.770000457763672
2025-02-18,20.272600173950195,4.544000148773193,15.350000381469727
2025-02-19,20.23780059814453,4.534999847412109,15.270000457763672
2025-02-20,20.45240020751953,4.5,15.65999984741211
2025-02-21,20.29400062561035,4.420000076293945,18.209999084472656
2025-02-24,20.382829666137695,4.39300012588501,18.979999542236328
2025-02-25,20.48111915588379,4.297999858856201,19.43000030517578
2025-02-26,20.457509994506836,4.249000072479248,19.100000381469727
2025-02-27,20.394800186157227,4.284999847412109,21.1299991607666
2025-02-28,20.457599639892578,4.230999946594238,19.6299991607666
2025-03-03,20.514450073242188,4.179999828338623,22.780000686645508
2025-03-04,20.72570037841797,4.210000038146973,23.510000228881836
2025-03-05,20.530500411987305,4.264999866485596,21.93000030517578
2025-03-06,20.402780532836914,4.285999774932861,24.8700008392334
2025-03-07,20.27794075012207,4.316999912261963,23.3700008392334
2025-03-10,20.26021957397461,4.2129998207092285,27.860000610351562
2025-03-11,20.35137939453125,4.288000106811523,26.920000076293945
2025-03-12,20.270299911499023,4.317999839782715,24.229999542236328
2025-03-13,20.17443084716797,4.27400016784668,24.65999984741211
2025-03-14,20.082849502563477,4.308000087738037,21.770000457763672
2025-03-17,19.92527961730957,4.306000232696533,20.510000228881836
2025-03-18,19.95507049560547,4.281000137329102,21.700000762939453
2025-03-19,19.904159545898438,4.25600004196167,19.899999618530273
2025-03-20,20.0231990814209,4.232999801635742,19.799999237060547
2025-03-21,20.127500534057617,4.251999855041504,19.280000686645508
2025-03-24,20.21017074584961,4.330999851226807,17.479999542236328
2025-03-25,20.037870407104492,4.307000160217285,17.149999618530273
2025-03-26,20.031999588012695,4.3379998207092285,18.329999923706055
2025-03-27,20.257049560546875,4.36899995803833,18.690000534057617
2025-03-28,20.281999588012695,4.255000114440918,21.649999618530273
2025-03-31,20.380090713500977,4.245999813079834,22.280000686645508
2025-04-01,20.474029541015625,4.156000137329102,21.770000457763672
2025-04-02,20.328340530395508,4.196000099182129,21.510000228881836
2025-04-03,20.25830078125,4.054999828338623,30.020000457763672
2025-04-04,19.93221092224121,3.984999895095825,45.310001373291016
2025-04-07,20.621700286865234,4.15500020980835,46.97999954223633
2025-04-08,20.696550369262695,4.26200008392334,52.33000183105469
2025-04-09,20.836240768432617,4.400000095367432,33.619998931884766
2025-04-10,20.33354949951172,4.394000053405762,40.720001220703125
2025-04-11,20.594459533691406,4.493000030517578,37.560001373291016
2025-04-14,20.276779174804688,4.363999843597412,30.889999389648438
2025-04-15,20.07990074157715,4.322999954223633,30.1200008392334
2025-04-16,20.125429153442383,4.2789998054504395,32.63999938964844
2025-04-17,19.915300369262695,4.333000183105469,29.649999618530273
2025-04-22,19.70330047607422,4.388999938964844,30.56999969482422
2025-04-23,19.615190505981445,4.38700008392334,28.450000762939453
2025-04-24,19.624399185180664,4.304999828338623,26.469999313354492
2025-04-25,19.600000381469727,4.265999794006348,24.84000015258789
2025-04-28,19.535160064697266,4.216000080108643,25.149999618530273
2025-04-29,19.57309913635254,4.172999858856201,24.170000076293945
2025-04-30,19.540199279785156,4.177000045776367,24.700000762939453
2025-05-01,19.589000701904297,4.230999946594238,24.600000381469727
2025-05-02,19.600889205932617,4.322000026702881,22.68000030517578
2025-05-05,19.610090255737305,4.3429999351501465,23.639999389648438
2025-05-06,19.673200607299805,4.308000087738037,24.760000228881836
2025-05-07,19.644620895385742,4.275000095367432,23.549999237060547
2025-05-08,19.60308074951172,4.373000144958496,22.479999542236328
2025-05-09,19.518699645996094,4.375,21.899999618530273
2025-05-12,19.441640853881836,4.456999778747559,18.389999389648438
2025-05-13,19.60740089416504,4.499000072479248,18.219999313354492
2025-05-14,19.39310073852539,4.5279998779296875,18.6200008392334
2025-05-15,19.383060455322266,4.454999923706055,17.829999923706055
2025-05-16,19.471399307250977,4.440999984741211,17.239999771118164
2025-05-19,19.451169967651367,4.474999904632568,18.139999389648438
2025-05-20,19.284900665283203,4.480999946594238,18.09000015258789
2025-05-21,19.269319534301758,4.5960001945495605,20.8700008392334
2025-05-22,19.36680030822754,4.552999973297119,20.280000686645508
2025-05-23,19.32110023498535,4.508999824523926,22.290000915527344
2025-05-27,19.245559692382812,4.434000015258789,18.959999084472656
2025-05-28,19.252700805664062,4.4770002365112305,19.309999465942383
2025-05-29,19.385150909423828,4.423999786376953,19.18000030517578
2025-05-30,19.300100326538086,4.415999889373779,18.56999969482422
2025-06-02,19.422500610351562,4.461999893188477,18.360000610351562
2025-06-03,19.19219970703125,4.460000038146973,17.690000534057617
2025-06-04,19.224300384521484,4.364999771118164,17.610000610351562
2025-06-05,19.199350357055664,4.394000053405762,18.479999542236328
2025-06-06,19.151159286499023,4.510000228881836,16.770000457763672
2025-06-09,19.09762954711914,4.48199987411499,17.15999984741211
2025-06-10,19.037799835205078,4.473999977111816,16.950000762939453
2025-06-11,19.058759689331055,4.4120001792907715,17.260000228881836
2025-06-12,18.897050857543945,4.35699987411499,18.020000457763672
2025-06-13,18.883209228515625,4.423999786376953,20.81999969482422
2025-06-16,18.947799682617188,4.452000141143799,19.110000610351562
2025-06-17,18.923349380493164,4.39300012588501,21.600000381469727
2025-06-18,19.019420623779297,4.396999835968018,20.139999389648438
2025-06-20,19.02050018310547,4.375,20.6200008392334
2025-06-23,19.210100173950195,4.320000171661377,19.829999923706055
2025-06-24,19.071199417114258,4.293000221252441,17.479999542236328
2025-06-25,18.99176025390625,4.293000221252441,16.760000228881836
2025-06-26,18.89859962463379,4.252999782562256,16.59000015258789
2025-06-27,18.87881088256836,4.2829999923706055,16.31999969482422
2025-06-30,18.7992000579834,4.230000019073486,16.729999542236328
2025-07-01,18.738000869750977,4.250999927520752,16.829999923706055
2025-07-02,18.737899780273438,4.293000221252441,16.639999389648438
2025-07-03,18.763700485229492,4.3480000495910645,16.3799991607666
2025-07-07,18.60633087158203,4.394999980926514,17.790000915527344
2025-07-08,18.643329620361328,4.414999961853027,16.809999465942383
2025-07-09,18.612340927124023,4.3420000076293945,15.9399995803833
2025-07-10,18.623769760131836,4.3460001945495605,15.779999732971191
2025-07-11,18.601259231567383,4.422999858856201,16.399999618530273
2025-07-14,18.65760040283203,4.427000045776367,17.200000762939453
2025-07-15,18.748369216918945,4.488999843597412,17.3799991607666
2025-07-16,18.80171012878418,4.454999923706055,17.15999984741211
2025-07-17,18.718759536743164,4.4629998207092285,16.520000457763672
2025-07-18,18.752620697021484,4.432000160217285,16.40999984741211
2025-07-21,18.705299377441406,4.372000217437744,16.649999618530273
2025-07-22,18.656099319458008,4.335999965667725,16.5
2025-07-23,18.643930435180664,4.388000011444092,15.369999885559082
2025-07-24,18.53668975830078,4.4079999923706055,15.390000343322754
2025-07-25,18.538549423217773,4.386000156402588,14.930000305175781
2025-07-28,18.50309944152832,4.420000076293945,15.029999732971191
2025-07-29,18.746999740600586,4.329999923706055,15.979999542236328
2025-07-30,18.747159957885742,4.375999927520752,15.479999542236328
2025-07-31,18.842899322509766,4.360000133514404,16.719999313354492
2025-08-01,18.86471939086914,4.21999979019165,20.3799991607666
2025-08-04,18.868009567260742,4.199999809265137,17.520000457763672
2025-08-05,18.871400833129883,4.196000099182129,17.850000381469727
2025-08-06,18.733230590820312,4.21999979019165,16.770000457763672
2025-08-07,18.60154914855957,4.24399995803833,16.56999969482422
2025-08-08,18.60795021057129,4.284999847412109,15.149999618530273
2025-08-11,18.582210540771484,4.2729997634887695,16.25
2025-08-12,18.656200408935547,4.293000221252441,14.729999542236328
2025-08-13,18.572799682617188,4.23799991607666,14.489999771118164
2025-08-14,18.619300842285156,4.293000221252441,14.829999923706055
2025-08-15,18.801259994506836,4.328000068664551,15.09000015258789
2025-08-18,18.72348976135254,4.341000080108643,14.989999771118164
2025-08-19,18.765499114990234,4.302000045776367,15.569999694824219
2025-08-20,18.818700790405273,4.296000003814697,15.6899995803833
2025-08-21,18.768699645996094,4.329999923706055,16.600000381469727
2025-08-22,18.736299514770508,4.260000228881836,14.220000267028809
2025-08-25,18.59326934814453,4.275000095367432,14.789999961853027
2025-08-26,18.683229446411133,4.257999897003174,14.619999885559082
2025-08-27,18.6585693359375,4.23799991607666,14.850000381469727
2025-08-28,18.651199340820312,4.206999778747559,14.430000305175781
2025-08-29,18.650239944458008,4.2270002365112305,15.359999656677246
2025-09-02,18.648099899291992,4.2769999504089355,17.170000076293945
2025-09-03,18.728700637817383,4.210999965667725,16.350000381469727
2025-09-04,18.706600189208984,4.176000118255615,15.300000190734863
2025-09-05,18.725799560546875,4.085999965667725,15.180000305175781
2025-09-08,18.726360321044922,4.046000003814697,15.109999656677246
2025-09-09,18.652870178222656,4.073999881744385,15.039999961853027
2025-09-10,18.62350082397461,4.0320000648498535,15.350000381469727
2025-09-11,18.580799102783203,4.011000156402588,14.710000038146973
2025-09-12,18.45400047302246,4.060999870300293,14.760000228881836
2025-09-15,18.446989059448242,4.033999919891357,15.6899995803833
2025-09-16,18.361520767211914,4.026000022888184,16.360000610351562
2025-09-17,18.28580093383789,4.076000213623047,15.720000267028809
2025-09-18,18.30780029296875,4.104000091552734,15.699999809265137
2025-09-19,18.364200592041016,4.138999938964844,15.449999809265137
2025-09-22,18.42020034790039,4.14300012588501,16.100000381469727
2025-09-23,18.357690811157227,4.119999885559082,16.639999389648438
2025-09-24,18.346500396728516,4.146999835968018,16.18000030517578
2025-09-25,18.418739318847656,4.171999931335449,16.739999771118164
2025-09-26,18.484119415283203,4.186999797821045,15.289999961853027
2025-09-29,18.358549118041992,4.140999794006348,16.1200008392334
2025-09-30,18.358999252319336,4.1479997634887695,16.280000686645508
2025-10-01,18.31382942199707,4.105999946594238,16.290000915527344
2025-10-02,18.382360458374023,4.0879998207092285,16.6299991607666
2025-10-03,18.41200065612793,4.11899995803833,16.649999618530273
2025-10-06,18.433330535888672,4.1620001792907715,16.3700008392334
2025-10-07,18.337589263916016,4.126999855041504,17.239999771118164
2025-10-08,18.388530731201172,4.129000186920166,16.299999237060547
2025-10-09,18.334150314331055,4.1479997634887695,16.43000030517578
2025-10-10,18.38343048095703,4.051000118255615,21.65999984741211
2025-10-13,18.522390365600586,4.051000118255615,19.030000686645508
2025-10-14,18.45829963684082,4.021999835968018,20.809999465942383
2025-10-15,18.504369735717773,4.046000003814697,20.639999389648438
2025-10-16,18.45509910583496,3.9760000705718994,25.309999465942383
2025-10-17,18.430299758911133,4.006999969482422,20.780000686645508
2025-10-20,18.364700317382812,3.9860000610351562,18.229999542236328
2025-10-21,18.399370193481445,3.9630000591278076,17.8700008392334
2025-10-22,18.434099197387695,3.953000068664551,18.600000381469727
2025-10-23,18.43950080871582,3.990999937057495,17.299999237060547
2025-10-24,18.393600463867188,3.996999979019165,16.3700008392334
2025-10-27,18.418739318847656,3.996999979019165,15.789999961853027
2025-10-28,18.38932991027832,3.9830000400543213,16.420000076293945
2025-10-29,18.425260543823242,4.058000087738037,16.920000076293945
2025-10-30,18.465700149536133,4.0929999351501465,16.90999984741211
2025-10-31,18.525400161743164,4.10099983215332,17.440000534057617
2025-11-03,18.554079055786133,4.105999946594238,17.170000076293945
2025-11-04,18.491670608520508,4.089000225067139,19.0
2025-11-05,18.675500869750977,4.1570000648498535,18.010000228881836
2025-11-06,18.590700149536133,4.0929999351501465,19.5
2025-11-07,18.556299209594727,4.0929999351501465,19.079999923706055
2025-11-10,18.443740844726562,4.110000133514404,17.600000381469727
2025-11-11,18.378599166870117,4.119999885559082,17.280000686645508
2025-11-12,18.316650390625,4.065000057220459,17.510000228881836
2025-11-13,18.287799835205078,4.111999988555908,20.0
2025-11-14,18.315000534057617,4.1479997634887695,19.829999923706055
2025-11-17,18.30643081665039,4.132999897003174,22.3799991607666
2025-11-18,18.43269920349121,4.123000144958496,24.690000534057617
2025-11-19,18.34040069580078,4.132999897003174,23.65999984741211
2025-11-20,18.31679916381836,4.105999946594238,26.420000076293945
2025-11-21,18.36590003967285,4.063000202178955,23.43000030517578
2025-11-24,18.473880767822266,4.038000106811523,20.520000457763672
2025-11-25,18.493600845336914,4.001999855041504,18.559999465942383
2025-11-26,18.385700225830078,3.997999906539917,17.190000534057617
2025-11-28,18.329599380493164,4.017000198364258,16.350000381469727
2025-12-01,18.284500122070312,4.0960001945495605,17.239999771118164
2025-12-02,18.30590057373047,4.085999965667725,16.59000015258789
2025-12-03,18.27526092529297,4.057000160217285,16.079999923706055
2025-12-04,18.27519989013672,4.107999801635742,15.779999732971191
2025-12-05,18.218599319458008,4.138999938964844,15.40999984741211
2025-12-08,18.171600341796875,4.171999931335449,16.65999984741211
2025-12-09,18.26059913635254,4.185999870300293,16.93000030517578
2025-12-10,18.1825008392334,4.164000034332275,15.770000457763672
2025-12-11,18.157400131225586,4.140999794006348,14.850000381469727
2025-12-12,18.031539916992188,4.193999767303467,15.739999771118164
2025-12-15,18.00322914123535,4.182000160217285,16.5
2025-12-16,17.981300354003906,4.14900016784668,16.479999542236328
2025-12-17,17.956100463867188,4.151000022888184,17.6200008392334
2025-12-18,18.011760711669922,4.116000175476074,16.8700008392334
2025-12-19,17.99342918395996,4.151000022888184,14.90999984741211
2025-12-22,18.015600204467773,4.169000148773193,14.079999923706055
2025-12-23,17.964099884033203,4.169000148773193,14.0
2025-12-24,17.90428924560547,4.136000156402588,13.470000267028809
2025-12-26,17.932069778442383,4.136000156402588,13.600000381469727
2025-12-29,17.896459579467773,4.116000175476074,14.199999809265137
2025-12-30,17.97216033935547,4.130000114440918,14.329999923706055
2025-12-31,17.97879981994629,4.163000106811523,14.949999809265137
2026-01-02,17.98465919494629,4.186999797821045,14.510000228881836
2026-01-05,17.91115951538086,4.164999961853027,14.899999618530273
2026-01-06,17.915700912475586,4.178999900817871,14.75
2026-01-07,17.983400344848633,4.138000011444092,15.380000114440918
2026-01-08,17.978200912475586,4.183000087738037,15.449999809265137
2026-01-09,17.962299346923828,4.171000003814697,14.489999771118164
2026-01-12,17.974109649658203,4.186999797821045,15.119999885559082
2026-01-13,17.909099578857422,4.171000003814697,15.979999542236328
2026-01-14,17.82360076904297,4.139999866485596,16.75
2026-01-15,17.785499572753906,4.159999847412109,15.84000015258789
2026-01-16,17.65329933166504,4.230999946594238,15.859999656677246
2026-01-20,17.57710075378418,4.295000076293945,20.09000015258789
2026-01-21,17.591999053955078,4.252999782562256,16.899999618530273
2026-01-22,17.482500076293945,4.249000072479248,15.640000343322754
2026-01-23,17.46809959411621,4.238999843597412,16.09000015258789
2026-01-26,17.370479583740234,4.2129998207092285,16.149999618530273
2026-01-27,17.35540008544922,4.2230000495910645,16.350000381469727
2026-01-28,17.162500381469727,4.250999927520752,16.350000381469727
2026-01-29,17.149900436401367,4.2270002365112305,16.8799991607666
2026-01-30,17.22517967224121,4.241000175476074,17.440000534057617
2026-02-02,17.466890335083008,4.275000095367432,16.34000015258789
2026-02-03,17.37529945373535,4.27400016784668,18.0
2026-02-04,17.238399505615234,4.275000095367432,18.639999389648438
2026-02-05,17.32438087463379,4.210000038146973,21.770000457763672
2026-02-06,17.503599166870117,4.205999851226807,20.3700008392334
2026-02-09,17.251699447631836,4.197999954223633,17.360000610351562
2026-02-10,17.208799362182617,4.146999835968018,17.790000915527344
2026-02-11,17.183900833129883,4.171999931335449,17.649999618530273
2026-02-12,17.19301986694336,4.104000091552734,20.81999969482422
2026-02-13,17.207000732421875,4.056000232696533,20.600000381469727
2026-02-17,17.166149139404297,4.052000045776367,20.290000915527344
2026-02-18,17.11840057373047,4.078999996185303,19.6200008392334
2026-02-19,17.20854949951172,4.074999809265137,20.229999542236328
2026-02-20,17.256729125976562,4.085999965667725,19.09000015258789
2026-02-23,17.09827995300293,4.0289998054504395,21.010000228881836
2026-02-24,17.259559631347656,4.0329999923706055,19.549999237060547
2026-02-25,17.17889976501465,4.047999858856201,17.93000030517578
2026-02-26,17.157529830932617,4.017000198364258,18.6299991607666
2026-02-27,17.202899932861328,3.9619998931884766,19.860000610351562
2026-03-02,17.316999435424805,4.047999858856201,21.440000534057617
2026-03-03,17.30327033996582,4.056000232696533,23.56999969482422
2026-03-04,17.670869827270508,4.079999923706055,21.149999618530273
2026-03-05,17.593059539794922,4.145999908447266,23.75
2026-03-06,17.702600479125977,4.132999897003174,29.489999771118164
2026-03-09,17.992300033569336,4.136000156402588,25.5
2026-03-10,17.673099517822266,4.136000156402588,24.93000030517578
2026-03-11,17.589780807495117,4.208000183105469,24.229999542236328
2026-03-12,17.744600296020508,4.2729997634887695,27.290000915527344
2026-03-13,17.834299087524414,4.284999847412109,27.190000534057617
2026-03-16,17.886369705200195,4.21999979019165,23.510000228881836
2026-03-17,17.6835994720459,4.202000141143799,22.3700008392334
2026-03-18,17.65298080444336,4.258999824523926,25.09000015258789
2026-03-19,17.842899322509766,4.281000137329102,24.059999465942383
2026-03-20,17.738100051879883,4.390999794006348,26.780000686645508
2026-03-23,17.938600540161133,4.334000110626221,26.149999618530273
2026-03-24,17.783649444580078,4.392000198364258,26.950000762939453
2026-03-25,17.72909927368164,4.328000068664551,25.329999923706055
2026-03-26,17.777240753173828,4.415999889373779,27.440000534057617
2026-03-27,17.91390037536621,4.440000057220459,31.049999237060547
2026-03-30,18.143220901489258,4.3420000076293945,30.610000610351562
2026-03-31,18.13960075378418,4.310999870300293,25.25
2026-04-01,17.884580612182617,4.318999767303467,24.540000915527344
2026-04-02,17.823200225830078,4.313000202178955,23.8700008392334
2026-04-06,17.880399703979492,4.335000038146973,24.170000076293945
2026-04-07,17.76650047302246,4.3429999351501465,25.780000686645508
2026-04-08,17.51409912109375,4.290999889373779,21.040000915527344
2026-04-09,17.446399688720703,4.293000221252441,19.489999771118164
2026-04-10,17.371200561523438,4.316999912261963,19.229999542236328
2026-04-13,17.430500030517578,4.296999931335449,19.1200008392334
2026-04-14,17.277999877929688,4.25600004196167,18.360000610351562
2026-04-15,17.253999710083008,4.2820000648498535,18.170000076293945
2026-04-16,17.243600845336914,4.309000015258789,17.940000534057617
2026-04-17,17.249399185180664,4.245999813079834,17.479999542236328
2026-04-20,17.372299194335938,4.25,18.8700008392334
2026-04-21,17.309799194335938,4.291999816894531,19.5
2026-04-22,17.32029914855957,4.294000148773193,18.920000076293945
2026-04-23,17.340700149536133,4.322999954223633,19.309999465942383
2026-04-24,17.41469955444336,4.309999942779541,18.709999084472656
2026-04-27,17.41345977783203,4.335999965667725,18.020000457763672
2026-04-28,17.37700080871582,4.354000091552734,17.829999923706055
2026-04-29,17.384599685668945,4.418000221252441,18.809999465942383
2026-04-30,17.52589988708496,4.389999866485596,16.889999389648438
2026-05-01,17.45989990234375,4.377999782562256,16.989999771118164
2026-05-04,17.44659996032715,4.446000099182129,18.290000915527344
2026-05-05,17.519899368286133,4.415999889373779,17.3799991607666
2026-05-06,17.33769989013672,4.355999946594238,17.389999389648438
2026-05-07,17.253999710083008,4.392000198364258,17.079999923706055
2026-05-08,17.27750015258789,4.363999843597412,17.190000534057617
2026-05-11,17.214599609375,4.409999847412109,18.3799991607666
2026-05-12,17.191600799560547,4.4629998207092285,17.989999771118164
2026-05-13,17.228500366210938,4.480999946594238,17.8700008392334
2026-05-14,17.167400360107422,4.460999965667725,17.260000228881836
2026-05-15,17.230430603027344,4.59499979019165,18.43000030517578
2026-05-18,17.341899871826172,4.623000144958496,17.81999969482422
2026-05-19,17.27264976501465,4.666999816894531,18.059999465942383
2026-05-20,17.402799606323242,4.572000026702881,17.440000534057617
2026-05-21,17.304800033569336,4.585999965667725,16.760000228881836
2026-05-22,17.297700881958008,4.558000087738037,16.700000762939453
2026-05-25,17.25950050354004,4.558000087738037,16.59000015258789
2026-05-26,17.29170036315918,4.493000030517578,17.010000228881836
2026-05-27,17.296100616455078,4.480999946594238,16.290000915527344
2026-05-28,17.384199142456055,4.454999923706055,15.739999771118164
2026-05-29,17.308300018310547,4.453000068664551,15.319999694824219
2026-06-01,17.342500686645508,4.474999904632568,16.049999237060547
2026-06-02,17.352949142456055,4.454999923706055,15.770000457763672
2026-06-03,17.298250198364258,4.491000175476074,16.059999465942383
2026-06-04,17.3262996673584,4.4770002365112305,15.399999618530273
2026-06-05,17.277700424194336,4.535999774932861,21.510000228881836
2026-06-08,17.46269989013672,4.552000045776367,18.920000076293945
2026-06-09,17.46769905090332,4.5279998779296875,19.8700008392334
2026-06-10,17.45401954650879,4.541999816894531,22.219999313354492
2026-06-11,17.421100616455078,4.4629998207092285,19.440000534057617
2026-06-12,17.246610641479492,4.486999988555908,17.68000030517578
2026-06-15,17.16629981994629,4.468999862670898,16.200000762939453
2026-06-16,17.21269989013672,4.427999973297119,16.40999984741211
2026-06-17,17.206510543823242,4.4629998207092285,18.440000534057617
2026-06-18,17.297700881958008,4.451000213623047,16.399999618530273
2026-06-22,17.347200393676758,4.508999824523926,17.280000686645508
2026-06-23,17.36389923095703,4.493000030517578,19.489999771118164
2026-06-24,17.553600311279297,4.4019999504089355,18.6299991607666
2026-06-25,17.62070083618164,4.392000198364258,18.889999389648438
2026-06-26,17.509899139404297,4.372000217437744,18.40999984741211
2026-06-29,17.504899978637695,4.374000072479248,17.649999618530273
2026-06-30,17.472000122070312,4.418000221252441,16.450000762939453
2026-07-01,17.492900848388672,4.474999904632568,16.59000015258789
2026-07-02,17.554349899291992,4.485000133514404,16.149999618530273
2026-07-06,17.476680755615234,4.479000091552734,15.569999694824219
2026-07-07,17.38129997253418,4.5289998054504395,16.1299991607666
2026-07-08,17.524200439453125,4.568999767303467,16.899999618530273
2026-07-09,17.56800079345703,4.539000034332275,15.84000015258789
2026-07-10,17.53820037841797,4.568999767303467,15.029999732971191
2026-07-13,17.500520706176758,4.609000205993652,17.15999984741211
2026-07-14,17.518800735473633,4.585000038146973,16.5
2026-07-15,17.418800354003906,4.545000076293945,15.670000076293945
2026-07-16,17.3700008392334,4.568999767303467,16.729999542236328
